ID	Timestamp	Emitter	Resources	Buildups	Text	Annotation	Comment
1	20:27:13:954	gotwood4sheep	clay=0; ore=0; sheep=0; wheat=0; wood=0; unknown=0; knights=0; dev-cards=0		buona sera	 	 
2	20:27:20:330	gotwood4sheep	clay=0; ore=0; sheep=0; wheat=0; wood=0; unknown=0; knights=0; dev-cards=0		let's hope william finds us well	 	 
3	20:27:33:448	ljaybrad123	clay=0; ore=0; sheep=0; wheat=0; wood=0; unknown=0; knights=0; dev-cards=0		i think you can reset but i dont want to ruin the board	 	 
4	20:27:34:629	ljaybrad123	clay=0; ore=0; sheep=0; wheat=0; wood=0; unknown=0; knights=0; dev-cards=0		brb	 	 
5	20:27:42:725	gotwood4sheep	clay=0; ore=0; sheep=0; wheat=0; wood=0; unknown=0; knights=0; dev-cards=0		np	 	 
6	20:28:27:555	ljaybrad123	clay=0; ore=0; sheep=0; wheat=0; wood=0; unknown=0; knights=0; dev-cards=0		back :)	 	 
7	20:29:55:774	gotwood4sheep	clay=0; ore=0; sheep=0; wheat=0; wood=0; unknown=0; knights=0; dev-cards=0		aloha	 	 
8	20:29:58:545	gotwood4sheep	clay=0; ore=0; sheep=0; wheat=0; wood=0; unknown=0; knights=0; dev-cards=0		still waiting on william	 	 
9	20:30:01:622	gotwood4sheep	clay=0; ore=0; sheep=0; wheat=0; wood=0; unknown=0; knights=0; dev-cards=0		who has disappeared	 	 
10	20:30:02:095	ljaybrad123	clay=0; ore=0; sheep=0; wheat=0; wood=0; unknown=0; knights=0; dev-cards=0		yeah	 	 
11	20:30:23:926	gotwood4sheep	clay=0; ore=0; sheep=0; wheat=0; wood=0; unknown=0; knights=0; dev-cards=0		just opened 1.1 and left him a note :)	 	 
12	20:30:28:094	gotwood4sheep	clay=0; ore=0; sheep=0; wheat=0; wood=0; unknown=0; knights=0; dev-cards=0		good luck in the last game :)	 	 
13	20:30:31:221	ljaybrad123	clay=0; ore=0; sheep=0; wheat=0; wood=0; unknown=0; knights=0; dev-cards=0		awesome	 	 
14	20:30:33:295	gotwood4sheep	clay=0; ore=0; sheep=0; wheat=0; wood=0; unknown=0; knights=0; dev-cards=0		fewer 7s, more resources :D	 	 
15	20:30:33:545	ljaybrad123	clay=0; ore=0; sheep=0; wheat=0; wood=0; unknown=0; knights=0; dev-cards=0		you too	 	 
16	20:30:40:319	ljaybrad123	clay=0; ore=0; sheep=0; wheat=0; wood=0; unknown=0; knights=0; dev-cards=0		hopefully	 	 
17	20:30:53:976	gotwood4sheep	clay=0; ore=0; sheep=0; wheat=0; wood=0; unknown=0; knights=0; dev-cards=0		hi william!	 	 
17.1	20:30:59:970	william	 	 	hi. i was just distracted	 	 
18	20:31:02:739	gotwood4sheep	clay=0; ore=0; sheep=0; wheat=0; wood=0; unknown=0; knights=0; dev-cards=0		sorry we were 15mins late	 	 
19	20:31:09:335	gotwood4sheep	clay=0; ore=0; sheep=0; wheat=0; wood=0; unknown=0; knights=0; dev-cards=0		tomas arrived about 7.25/7.30	 	 
19.1	20:31:15:761	william	 	 	hmm. it's fine	 	 
19.2	20:31:28:672	william	 	 	do you want to dive straight into the next game?	 	 
20	20:31:32:493	gotwood4sheep	clay=0; ore=0; sheep=0; wheat=0; wood=0; unknown=0; knights=0; dev-cards=0		absolutely :D	 	 
21	20:31:34:876	ljaybrad123	clay=0; ore=0; sheep=0; wheat=0; wood=0; unknown=0; knights=0; dev-cards=0		:	 	 
21.1	20:31:36:635	william	 	 	ok then	 	 
22	20:31:36:846	ljaybrad123	clay=0; ore=0; sheep=0; wheat=0; wood=0; unknown=0; knights=0; dev-cards=0		yep	 	 
23	20:31:39:574	gotwood4sheep	clay=0; ore=0; sheep=0; wheat=0; wood=0; unknown=0; knights=0; dev-cards=0		played 3 last night for Markus's other project!	 	 
24	20:31:42:485	gotwood4sheep	clay=0; ore=0; sheep=0; wheat=0; wood=0; unknown=0; knights=0; dev-cards=0		gl all!	 	 
25	20:31:55:625	ljaybrad123	clay=0; ore=0; sheep=0; wheat=0; wood=0; unknown=0; knights=0; dev-cards=0		gl	 	 
26	20:32:01:771	william	clay=0; ore=0; sheep=0; wheat=0; wood=0; unknown=0; knights=0; dev-cards=0		who won the last game?	 	 
27	20:32:05:061	Server	 		gotwood4sheep built a settlement.	 	 
28	20:32:06:137	Server	 		gotwood4sheep built a road.	 	 
29	20:32:06:269	ljaybrad123	clay=0; ore=0; sheep=0; wheat=0; wood=0; unknown=0; knights=0; dev-cards=0		tomas	 	 
30	20:32:17:785	gotwood4sheep	clay=0; ore=0; sheep=0; wheat=0; wood=0; unknown=0; knights=0; dev-cards=0		he was a sly devil, he had a hand full of victory point cards	 	 
31	20:32:19:803	Server	 		ljaybrad123 built a settlement.	 	 
32	20:32:22:096	Server	 		ljaybrad123 built a road.	 	 
33	20:33:01:908	Server	 		william built a settlement.	 	 
34	20:33:04:573	Server	 		william built a road.	 	 
35	20:33:09:182	Server	 		william built a settlement.	 	 
36	20:33:10:441	Server	 		william built a road.	 	 
37	20:33:30:327	Server	 		ljaybrad123 built a settlement.	 	 
38	20:33:37:167	Server	 		ljaybrad123 built a road.	 	 
39	20:33:45:733	Server	 		gotwood4sheep built a settlement.	 	 
40	20:33:46:561	Server	 		gotwood4sheep built a road.	 	 
41	20:33:48:143	Server	 		gotwood4sheep rolled a 3 and a 2.	 	 
42	20:33:48:143	Server	 		william gets 1 wood.	 	 
43	20:33:54:424	Server	 		ljaybrad123 rolled a 3 and a 5.	 	 
44	20:33:54:424	Server	 		gotwood4sheep gets 1 wood. william gets 1 wheat.	 	 
45	20:34:22:319	Server	 		william rolled a 6 and a 4.	 	 
46	20:34:22:320	Server	 		gotwood4sheep gets 1 clay. ljaybrad123 gets 1 clay. william gets 2 clay.	 	 
47	20:34:30:771	william	clay=3; ore=0; sheep=0; wheat=2; wood=2; unknown=0; knights=0; dev-cards=0	roads=[150,100]; settlements=[150,116]	can i get a sheep?	 	 
48	20:34:34:280	gotwood4sheep	clay=1; ore=0; sheep=1; wheat=1; wood=2; unknown=0; knights=0; dev-cards=0	roads=[170,70]; settlements=[171,71]	for a clay?	 	 
49	20:34:37:246	william	clay=3; ore=0; sheep=0; wheat=2; wood=2; unknown=0; knights=0; dev-cards=0	roads=[150,100]; settlements=[150,116]	yup	 	 
50	20:34:39:760	gotwood4sheep	clay=1; ore=0; sheep=1; wheat=1; wood=2; unknown=0; knights=0; dev-cards=0	roads=[170,70]; settlements=[171,71]	deal	 	 
51	20:34:50:955	Server	 		william made an offer to trade 1 clay for 1 sheep.	 	 
52	20:34:52:945	Server	 		william traded 1 clay for 1 sheep from gotwood4sheep.	 	 
53	20:34:55:463	gotwood4sheep	clay=2; ore=0; sheep=0; wheat=1; wood=2; unknown=0; knights=0; dev-cards=0	roads=[170,70]; settlements=[171,71]	thx	 	 
54	20:34:58:043	Server	 		william built a road.	 	 
55	20:35:00:599	Server	 		william built a settlement.	 	 
56	20:35:03:743	william	clay=0; ore=0; sheep=0; wheat=1; wood=0; unknown=0; knights=0; dev-cards=0	roads=[150,100; 100,166]; settlements=[150,116; 116,182]	np	 	 
57	20:35:05:260	gotwood4sheep	clay=2; ore=0; sheep=0; wheat=1; wood=2; unknown=0; knights=0; dev-cards=0	roads=[170,70]; settlements=[171,71]	fast mover!	 	 
58	20:35:06:366	Server	 		gotwood4sheep rolled a 4 and a 4.	 	 
59	20:35:06:366	Server	 		gotwood4sheep gets 1 wood. william gets 1 wheat.	 	 
60	20:35:08:986	Server	 		gotwood4sheep built a road.	 	 
61	20:35:11:090	Server	 		gotwood4sheep built a road.	 	 
62	20:35:17:841	Server	 		ljaybrad123 rolled a 4 and a 6.	 	 
63	20:35:17:842	Server	 		gotwood4sheep gets 1 clay. ljaybrad123 gets 1 clay. william gets 2 clay.	 	 
64	20:35:32:866	gotwood4sheep	clay=1; ore=0; sheep=0; wheat=1; wood=1; unknown=0; knights=0; dev-cards=0	roads=[170,70; 70,154; 154,137]; settlements=[171,71]	there will be lots of clay this game i think ;)	 	 
65	20:35:36:703	gotwood4sheep	clay=1; ore=0; sheep=0; wheat=1; wood=1; unknown=0; knights=0; dev-cards=0	roads=[170,70; 70,154; 154,137]; settlements=[171,71]	that's 4 in one roll!!	 	 
66	20:35:37:935	ljaybrad123	clay=3; ore=1; sheep=1; wheat=0; wood=0; unknown=0; knights=0; dev-cards=0	roads=[184,118]; settlements=[184,118]	anyone have wood or wheat for clay?	 	 
67	20:35:41:894	gotwood4sheep	clay=1; ore=0; sheep=0; wheat=1; wood=1; unknown=0; knights=0; dev-cards=0	roads=[170,70; 70,154; 154,137]; settlements=[171,71]	afraid not!	 	 
68	20:35:46:369	william	clay=2; ore=0; sheep=0; wheat=2; wood=0; unknown=0; knights=0; dev-cards=0	roads=[150,100; 100,166]; settlements=[150,116; 116,182]	no	 	 
69	20:35:54:787	Server	 		william rolled a 5 and a 5.	 	 
70	20:35:54:788	Server	 		gotwood4sheep gets 1 clay. ljaybrad123 gets 1 clay. william gets 2 clay.	 	 
71	20:35:57:570	gotwood4sheep	clay=2; ore=0; sheep=0; wheat=1; wood=1; unknown=0; knights=0; dev-cards=0	roads=[170,70; 70,154; 154,137]; settlements=[171,71]	lol another 10	 	 
72	20:35:59:384	gotwood4sheep	clay=2; ore=0; sheep=0; wheat=1; wood=1; unknown=0; knights=0; dev-cards=0	roads=[170,70; 70,154; 154,137]; settlements=[171,71]	another 4 clay	 	 
73	20:35:59:851	william	clay=4; ore=0; sheep=0; wheat=2; wood=0; unknown=0; knights=0; dev-cards=0	roads=[150,100; 100,166]; settlements=[150,116; 116,182]	clay clay clay	 	 
74	20:36:07:166	Server	 		gotwood4sheep rolled a 6 and a 1.	 	 
75	20:36:25:033	gotwood4sheep	clay=3; ore=0; sheep=0; wheat=1; wood=1; unknown=0; knights=0; dev-cards=0	roads=[170,70; 70,154; 154,137]; settlements=[171,71]	what a surprise, i stole a clay	 	 
76	20:36:26:613	gotwood4sheep	clay=3; ore=0; sheep=0; wheat=1; wood=1; unknown=0; knights=0; dev-cards=0	roads=[170,70; 70,154; 154,137]; settlements=[171,71]	stop the presses	 	 
77	20:36:33:920	Server	 		ljaybrad123 rolled a 5 and a 3.	 	 
78	20:36:33:921	Server	 		gotwood4sheep gets 1 wood. william gets 1 wheat.	 	 
79	20:36:53:691	Server	 		william rolled a 6 and a 4.	 	 
80	20:36:53:692	Server	 		gotwood4sheep gets 1 clay.	 	 
81	20:36:58:943	ljaybrad123	clay=4; ore=1; sheep=1; wheat=0; wood=0; unknown=0; knights=0; dev-cards=0	roads=[184,118]; settlements=[184,118]	I hate that button!	 	 
82	20:36:59:115	gotwood4sheep	clay=4; ore=0; sheep=0; wheat=1; wood=2; unknown=0; knights=0; dev-cards=0	roads=[170,70; 70,154; 154,137]; settlements=[171,71]	ouch	 	 
83	20:37:05:854	Server	 		william traded 2 wheat for 1 wood from a port.	 	 
84	20:37:09:181	Server	 		william built a road.	 	 
85	20:37:13:158	Server	 		gotwood4sheep rolled a 2 and a 4.	 	 
86	20:37:13:159	Server	 		gotwood4sheep gets 1 wheat. ljaybrad123 gets 1 wheat. william gets 1 wheat.	 	 
87	20:37:19:628	Server	 		gotwood4sheep built a road.	 	 
88	20:37:21:906	Server	 		gotwood4sheep built a road.	 	 
89	20:37:25:828	Server	 		ljaybrad123 rolled a 2 and a 3.	 	 
90	20:37:25:828	Server	 		william gets 1 wood.	 	 
91	20:37:41:274	ljaybrad123	clay=4; ore=0; sheep=0; wheat=0; wood=0; unknown=0; knights=0; dev-cards=1	roads=[184,118]; settlements=[184,118]	anyone want clay?	 	 
92	20:37:45:410	gotwood4sheep	clay=2; ore=0; sheep=0; wheat=2; wood=0; unknown=0; knights=0; dev-cards=0	roads=[170,70; 70,154; 154,137; 137,136; 136,120]; settlements=[171,71]	no ta ;)	 	 
93	20:37:46:134	william	clay=2; ore=0; sheep=0; wheat=2; wood=1; unknown=0; knights=0; dev-cards=0	roads=[150,100; 100,166; 166,84]; settlements=[150,116; 116,182]	no	 	 
94	20:37:52:085	Server	 		william rolled a 1 and a 1.	 	 
95	20:37:52:085	Server	 		william gets 2 sheep.	 	 
96	20:37:56:921	Server	 		william built a settlement.	 	 
97	20:38:01:056	gotwood4sheep	clay=2; ore=0; sheep=0; wheat=2; wood=0; unknown=0; knights=0; dev-cards=0	roads=[170,70; 70,154; 154,137; 137,136; 136,120]; settlements=[171,71]	I think we have our least scarce resource locked in :D	 	 
98	20:38:02:133	Server	 		gotwood4sheep rolled a 6 and a 3.	 	 
99	20:38:02:134	Server	 		ljaybrad123 gets 1 ore. william gets 1 ore.	 	 
100	20:38:21:079	gotwood4sheep	clay=2; ore=0; sheep=0; wheat=2; wood=0; unknown=0; knights=0; dev-cards=0	roads=[170,70; 70,154; 154,137; 137,136; 136,120]; settlements=[171,71]	william's racing lol	 	 
101	20:38:24:425	Server	 		ljaybrad123 rolled a 3 and a 3.	 	 
102	20:38:24:425	Server	 		gotwood4sheep gets 1 wheat. ljaybrad123 gets 1 wheat. william gets 1 wheat.	 	 
103	20:38:27:287	gotwood4sheep	clay=2; ore=0; sheep=0; wheat=3; wood=0; unknown=0; knights=0; dev-cards=0	roads=[170,70; 70,154; 154,137; 137,136; 136,120]; settlements=[171,71]	you hit thr ground running	 	 
104	20:38:30:605	gotwood4sheep	clay=2; ore=0; sheep=0; wheat=3; wood=0; unknown=0; knights=0; dev-cards=0	roads=[170,70; 70,154; 154,137; 137,136; 136,120]; settlements=[171,71]	the*	 	 
105	20:38:31:619	william	clay=1; ore=1; sheep=0; wheat=2; wood=0; unknown=0; knights=0; dev-cards=0	roads=[150,100; 100,166; 166,84]; settlements=[150,116; 116,182; 182,84]	aw	 	 
106	20:38:37:781	Server	 		william rolled a 5 and a 6.	 	 
107	20:38:37:782	Server	 		gotwood4sheep gets 1 sheep. ljaybrad123 gets 1 ore.	 	 
108	20:38:43:959	Server	 		gotwood4sheep rolled a 5 and a 3.	 	 
109	20:38:43:959	Server	 		gotwood4sheep gets 1 wood.	 	 
110	20:38:51:572	Server	 		gotwood4sheep built a settlement.	 	 
111	20:38:55:919	Server	 		ljaybrad123 rolled a 3 and a 1.	 	 
112	20:38:55:920	Server	 		gotwood4sheep gets 1 ore, 1 wood.	 	 
113	20:39:06:514	Server	 		ljaybrad123 built a road.	 	 
114	20:39:09:544	Server	 		ljaybrad123 built a road.	 	 
115	20:39:22:697	Server	 		william rolled a 5 and a 1.	 	 
116	20:39:22:698	Server	 		gotwood4sheep gets 2 wheat. ljaybrad123 gets 1 wheat. william gets 1 wheat.	 	 
117	20:39:36:090	Server	 		william traded 2 wheat for 1 sheep from a port.	 	 
118	20:39:41:599	Server	 		gotwood4sheep rolled a 3 and a 1.	 	 
119	20:39:41:600	Server	 		gotwood4sheep gets 1 ore, 1 wood.	 	 
120	20:39:50:391	gotwood4sheep	clay=1; ore=2; sheep=0; wheat=4; wood=2; unknown=0; knights=0; dev-cards=0	roads=[170,70; 70,154; 154,137; 137,136; 136,120]; settlements=[171,71; 71,120]	anyone have a sheep they would part with?	 	 
121	20:39:53:963	ljaybrad123	clay=4; ore=1; sheep=0; wheat=1; wood=0; unknown=0; knights=1; dev-cards=0	roads=[184,118; 118,135; 135,152]; settlements=[184,118]	no	 	 
122	20:39:55:597	william	clay=1; ore=0; sheep=0; wheat=0; wood=0; unknown=0; knights=0; dev-cards=1	roads=[150,100; 100,166; 166,84]; settlements=[150,116; 116,182; 182,84]	no	 	 
123	20:39:57:950	ljaybrad123	clay=4; ore=1; sheep=0; wheat=1; wood=0; unknown=0; knights=1; dev-cards=0	roads=[184,118; 118,135; 135,152]; settlements=[184,118]	9 rescourse....	 	 
124	20:40:03:576	gotwood4sheep	clay=1; ore=2; sheep=0; wheat=4; wood=2; unknown=0; knights=0; dev-cards=0	roads=[170,70; 70,154; 154,137; 137,136; 136,120]; settlements=[171,71; 71,120]	and no baaaaaa	 	 
125	20:40:13:650	Server	 		gotwood4sheep built a road.	 	 
126	20:40:19:017	Server	 		ljaybrad123 rolled a 3 and a 6.	 	 
127	20:40:19:018	Server	 		ljaybrad123 gets 1 ore. william gets 1 ore.	 	 
128	20:40:32:611	ljaybrad123	clay=4; ore=2; sheep=0; wheat=1; wood=0; unknown=0; knights=1; dev-cards=0	roads=[184,118; 118,135; 135,152]; settlements=[184,118]	anyone have wood or heep?	 	 
129	20:40:34:004	william	clay=1; ore=1; sheep=0; wheat=0; wood=0; unknown=0; knights=0; dev-cards=1	roads=[150,100; 100,166; 166,84]; settlements=[150,116; 116,182; 182,84]	niko, is it still possible for you to build a settlement in the middle of the mountain?	 	 
130	20:40:36:821	william	clay=1; ore=1; sheep=0; wheat=0; wood=0; unknown=0; knights=0; dev-cards=1	roads=[150,100; 100,166; 166,84]; settlements=[150,116; 116,182; 182,84]	no	 	 
131	20:40:47:929	gotwood4sheep	clay=0; ore=2; sheep=0; wheat=4; wood=1; unknown=0; knights=0; dev-cards=0	roads=[170,70; 70,154; 154,137; 137,136; 136,120; 120,186]; settlements=[171,71; 71,120]	no sheep sorry	 	 
132	20:40:58:787	ljaybrad123	clay=4; ore=2; sheep=0; wheat=1; wood=0; unknown=0; knights=1; dev-cards=0	roads=[184,118; 118,135; 135,152]; settlements=[184,118]	wood for ore?	 	 
133	20:41:18:091	gotwood4sheep	clay=0; ore=2; sheep=0; wheat=4; wood=1; unknown=0; knights=0; dev-cards=0	roads=[170,70; 70,154; 154,137; 137,136; 136,120; 120,186]; settlements=[171,71; 71,120]	not this round, sorry	 	 
134	20:41:24:487	william	clay=1; ore=1; sheep=0; wheat=0; wood=0; unknown=0; knights=0; dev-cards=1	roads=[150,100; 100,166; 166,84]; settlements=[150,116; 116,182; 182,84]	can't	 	 
135	20:41:42:928	Server	 		ljaybrad123 traded 4 clay for 1 sheep from the bank.	 	 
136	20:41:51:298	Server	 		william rolled a 6 and a 2.	 	 
137	20:41:51:298	Server	 		gotwood4sheep gets 1 wood.	 	 
138	20:41:59:418	gotwood4sheep	clay=0; ore=2; sheep=0; wheat=4; wood=2; unknown=0; knights=0; dev-cards=0	roads=[170,70; 70,154; 154,137; 137,136; 136,120; 120,186]; settlements=[171,71; 71,120]	ah well now I have wood	 	 
139	20:42:01:009	Server	 		gotwood4sheep rolled a 5 and a 3.	 	 
140	20:42:01:010	Server	 		gotwood4sheep gets 1 wood.	 	 
141	20:42:05:342	gotwood4sheep	clay=0; ore=2; sheep=0; wheat=4; wood=3; unknown=0; knights=0; dev-cards=0	roads=[170,70; 70,154; 154,137; 137,136; 136,120; 120,186]; settlements=[171,71; 71,120]	lots of wood	 	 
142	20:42:08:179	gotwood4sheep	clay=0; ore=2; sheep=0; wheat=4; wood=3; unknown=0; knights=0; dev-cards=0	roads=[170,70; 70,154; 154,137; 137,136; 136,120; 120,186]; settlements=[171,71; 71,120]	anyone fancy any?	 	 
143	20:42:14:936	william	clay=1; ore=1; sheep=0; wheat=0; wood=0; unknown=0; knights=0; dev-cards=1	roads=[150,100; 100,166; 166,84]; settlements=[150,116; 116,182; 182,84]	i will give you ore	 	 
144	20:42:19:212	gotwood4sheep	clay=0; ore=2; sheep=0; wheat=4; wood=3; unknown=0; knights=0; dev-cards=0	roads=[170,70; 70,154; 154,137; 137,136; 136,120; 120,186]; settlements=[171,71; 71,120]	1 for 1?	 	 
145	20:42:23:555	william	clay=1; ore=1; sheep=0; wheat=0; wood=0; unknown=0; knights=0; dev-cards=1	roads=[150,100; 100,166; 166,84]; settlements=[150,116; 116,182; 182,84]	yes	 	 
146	20:42:27:154	gotwood4sheep	clay=0; ore=2; sheep=0; wheat=4; wood=3; unknown=0; knights=0; dev-cards=0	roads=[170,70; 70,154; 154,137; 137,136; 136,120; 120,186]; settlements=[171,71; 71,120]	agreed	 	 
147	20:42:35:138	Server	 		gotwood4sheep made an offer to trade 1 wood for 1 ore.	 	 
148	20:42:38:152	Server	 		gotwood4sheep traded 1 wood for 1 ore from william.	 	 
149	20:42:39:232	gotwood4sheep	clay=0; ore=3; sheep=0; wheat=4; wood=2; unknown=0; knights=0; dev-cards=0	roads=[170,70; 70,154; 154,137; 137,136; 136,120; 120,186]; settlements=[171,71; 71,120]	thanks!	 	 
150	20:42:47:186	Server	 		gotwood4sheep built a city.	 	 
151	20:42:51:539	Server	 		ljaybrad123 rolled a 4 and a 6.	 	 
152	20:42:51:540	Server	 		gotwood4sheep gets 2 clay. ljaybrad123 gets 1 clay. william gets 2 clay.	 	 
153	20:43:05:277	Server	 		william rolled a 4 and a 3.	 	 
154	20:43:10:371	william	clay=3; ore=0; sheep=0; wheat=0; wood=1; unknown=0; knights=0; dev-cards=1	roads=[150,100; 100,166; 166,84]; settlements=[150,116; 116,182; 182,84]	ah finally	 	 
155	20:43:20:421	gotwood4sheep	clay=2; ore=0; sheep=0; wheat=1; wood=2; unknown=0; knights=0; dev-cards=0	roads=[170,70; 70,154; 154,137; 137,136; 136,120; 120,186]; settlements=[71,120]	alas, alack, i am stolen from.	 	 
156	20:43:33:508	gotwood4sheep	clay=0; ore=0; sheep=0; wheat=1; wood=2; unknown=0; knights=0; dev-cards=0	roads=[170,70; 70,154; 154,137; 137,136; 136,120; 120,186]; settlements=[71,120]	twice!	 	 
157	20:43:37:996	william	clay=5; ore=0; sheep=0; wheat=1; wood=0; unknown=0; knights=0; dev-cards=0	roads=[150,100; 100,166; 166,84]; settlements=[150,116; 116,182; 182,84]	^^	 	 
158	20:43:40:859	Server	 		william built a road.	 	 
159	20:43:46:071	Server	 		gotwood4sheep rolled a 2 and a 1.	 	 
160	20:43:46:072	Server	 		ljaybrad123 gets 2 sheep. william gets 1 sheep.	 	 
161	20:43:50:127	Server	 		ljaybrad123 rolled a 6 and a 1.	 	 
162	20:44:05:395	gotwood4sheep	clay=0; ore=0; sheep=0; wheat=0; wood=2; unknown=0; knights=0; dev-cards=0	roads=[170,70; 70,154; 154,137; 137,136; 136,120; 120,186]; settlements=[71,120]	go easy, friends ;)	 	 
163	20:44:12:246	william	clay=5; ore=0; sheep=1; wheat=1; wood=0; unknown=0; knights=0; dev-cards=0	roads=[150,100; 100,166; 166,84; 84,99]; settlements=[150,116; 116,182; 182,84]	you have the victory points...	 	 
164	20:44:16:814	gotwood4sheep	clay=0; ore=0; sheep=0; wheat=0; wood=2; unknown=0; knights=0; dev-cards=0	roads=[170,70; 70,154; 154,137; 137,136; 136,120; 120,186]; settlements=[71,120]	truth :)	 	 
165	20:44:21:427	gotwood4sheep	clay=0; ore=0; sheep=0; wheat=0; wood=2; unknown=0; knights=0; dev-cards=0	roads=[170,70; 70,154; 154,137; 137,136; 136,120; 120,186]; settlements=[71,120]	I appreciate I'm a moving target :D	 	 
166	20:44:28:802	Server	 		william rolled a 6 and a 3.	 	 
167	20:44:28:802	Server	 		ljaybrad123 gets 1 ore. william gets 1 ore.	 	 
168	20:44:35:497	william	clay=5; ore=1; sheep=1; wheat=1; wood=0; unknown=0; knights=0; dev-cards=0	roads=[150,100; 100,166; 166,84; 84,99]; settlements=[150,116; 116,182; 182,84]	can i get a wood?	 	 
169	20:44:40:874	gotwood4sheep	clay=0; ore=0; sheep=0; wheat=0; wood=2; unknown=0; knights=0; dev-cards=0	roads=[170,70; 70,154; 154,137; 137,136; 136,120; 120,186]; settlements=[71,120]	for?	 	 
170	20:44:44:148	william	clay=5; ore=1; sheep=1; wheat=1; wood=0; unknown=0; knights=0; dev-cards=0	roads=[150,100; 100,166; 166,84; 84,99]; settlements=[150,116; 116,182; 182,84]	clay!	 	 
171	20:44:55:939	gotwood4sheep	clay=0; ore=0; sheep=0; wheat=0; wood=2; unknown=0; knights=0; dev-cards=0	roads=[170,70; 70,154; 154,137; 137,136; 136,120; 120,186]; settlements=[71,120]	hmm, i'd need 1 other too	 	 
172	20:45:03:046	gotwood4sheep	clay=0; ore=0; sheep=0; wheat=0; wood=2; unknown=0; knights=0; dev-cards=0	roads=[170,70; 70,154; 154,137; 137,136; 136,120; 120,186]; settlements=[71,120]	with so much clay on the board	 	 
173	20:45:05:303	william	clay=5; ore=1; sheep=1; wheat=1; wood=0; unknown=0; knights=0; dev-cards=0	roads=[150,100; 100,166; 166,84; 84,99]; settlements=[150,116; 116,182; 182,84]	or for 1 ore?	 	 
174	20:45:22:948	gotwood4sheep	clay=0; ore=0; sheep=0; wheat=0; wood=2; unknown=0; knights=0; dev-cards=0	roads=[170,70; 70,154; 154,137; 137,136; 136,120; 120,186]; settlements=[71,120]	maybe next round	 	 
175	20:45:23:160	Server	 		gotwood4sheep rolled a 2 and a 5.	 	 
176	20:45:27:731	gotwood4sheep	clay=0; ore=0; sheep=0; wheat=0; wood=2; unknown=0; knights=0; dev-cards=0	roads=[170,70; 70,154; 154,137; 137,136; 136,120; 120,186]; settlements=[71,120]	ouch	 	 
177	20:45:45:574	gotwood4sheep	clay=0; ore=0; sheep=1; wheat=0; wood=2; unknown=0; knights=0; dev-cards=0	roads=[170,70; 70,154; 154,137; 137,136; 136,120; 120,186]; settlements=[71,120]	sorry LJ didn't want clay from william ;)	 	 
178	20:45:48:847	Server	 		ljaybrad123 rolled a 6 and a 1.	 	 
179	20:45:52:937	gotwood4sheep	clay=0; ore=0; sheep=1; wheat=0; wood=2; unknown=0; knights=0; dev-cards=0	roads=[170,70; 70,154; 154,137; 137,136; 136,120; 120,186]; settlements=[71,120]	lol have it back :D	 	 
180	20:45:58:442	william	clay=1; ore=1; sheep=1; wheat=1; wood=0; unknown=0; knights=0; dev-cards=0	roads=[150,100; 100,166; 166,84; 84,99]; settlements=[150,116; 116,182; 182,84]	^^	 	 
181	20:46:18:627	gotwood4sheep	clay=0; ore=0; sheep=1; wheat=0; wood=1; unknown=0; knights=0; dev-cards=0	roads=[170,70; 70,154; 154,137; 137,136; 136,120; 120,186]; settlements=[71,120]	back to back 7s.  1 in 40 rolls	 	 
182	20:46:53:709	Server	 		william rolled a 1 and a 6.	 	 
183	20:47:05:176	ljaybrad123	clay=0; ore=0; sheep=0; wheat=1; wood=1; unknown=0; knights=2; dev-cards=1	roads=[184,118; 118,135; 135,152]; settlements=[184,118]	another 7	 	 
184	20:47:11:584	gotwood4sheep	clay=0; ore=0; sheep=1; wheat=0; wood=1; unknown=0; knights=0; dev-cards=0	roads=[170,70; 70,154; 154,137; 137,136; 136,120; 120,186]; settlements=[71,120]	3 in a row! 4 in 1,000	 	 
185	20:47:13:053	Server	 		gotwood4sheep rolled a 1 and a 2.	 	 
186	20:47:13:054	Server	 		ljaybrad123 gets 2 sheep. william gets 1 sheep.	 	 
187	20:47:30:338	Server	 		ljaybrad123 rolled a 2 and a 3.	 	 
188	20:47:30:339	Server	 		gotwood4sheep gets 1 wood. william gets 1 wood.	 	 
189	20:47:34:370	gotwood4sheep	clay=0; ore=0; sheep=1; wheat=0; wood=2; unknown=0; knights=0; dev-cards=0	roads=[170,70; 70,154; 154,137; 137,136; 136,120; 120,186]; settlements=[71,120]	and so the run ends	 	 
190	20:47:45:847	gotwood4sheep	clay=0; ore=0; sheep=1; wheat=0; wood=2; unknown=0; knights=0; dev-cards=0	roads=[170,70; 70,154; 154,137; 137,136; 136,120; 120,186]; settlements=[71,120]	kerching	 	 
191	20:47:54:184	Server	 		ljaybrad123 built a road.	 	 
192	20:48:05:318	Server	 		william rolled a 3 and a 1.	 	 
193	20:48:05:319	Server	 		gotwood4sheep gets 2 ore, 1 wood.	 	 
194	20:48:19:203	william	clay=1; ore=2; sheep=2; wheat=0; wood=1; unknown=0; knights=0; dev-cards=0	roads=[150,100; 100,166; 166,84; 84,99]; settlements=[150,116; 116,182; 182,84]	can i have a wheat for a sheep?	 	 
195	20:48:23:945	ljaybrad123	clay=0; ore=0; sheep=1; wheat=0; wood=0; unknown=0; knights=2; dev-cards=1	roads=[184,118; 118,135; 135,152; 152,168]; settlements=[184,118]	no	 	 
196	20:48:24:334	gotwood4sheep	clay=0; ore=2; sheep=1; wheat=0; wood=3; unknown=0; knights=0; dev-cards=0	roads=[170,70; 70,154; 154,137; 137,136; 136,120; 120,186]; settlements=[71,120]	i have no wheat, sorry	 	 
197	20:48:29:121	william	clay=1; ore=2; sheep=2; wheat=0; wood=1; unknown=0; knights=0; dev-cards=0	roads=[150,100; 100,166; 166,84; 84,99]; settlements=[150,116; 116,182; 182,84]	ok then	 	 
198	20:48:32:878	Server	 		gotwood4sheep rolled a 5 and a 6.	 	 
199	20:48:32:879	Server	 		gotwood4sheep gets 1 sheep.	 	 
200	20:48:40:574	gotwood4sheep	clay=0; ore=2; sheep=2; wheat=0; wood=3; unknown=0; knights=0; dev-cards=0	roads=[170,70; 70,154; 154,137; 137,136; 136,120; 120,186]; settlements=[71,120]	which scuppers me asking for any :D	 	 
201	20:49:02:965	Server	 		ljaybrad123 rolled a 1 and a 2.	 	 
202	20:49:02:965	Server	 		ljaybrad123 gets 2 sheep. william gets 1 sheep.	 	 
203	20:49:11:187	gotwood4sheep	clay=0; ore=2; sheep=2; wheat=0; wood=3; unknown=0; knights=0; dev-cards=0	roads=[170,70; 70,154; 154,137; 137,136; 136,120; 120,186]; settlements=[71,120]	lots of sheep now!	 	 
204	20:49:23:300	Server	 		william rolled a 3 and a 2.	 	 
205	20:49:23:301	Server	 		gotwood4sheep gets 1 wood. william gets 1 wood.	 	 
206	20:49:24:144	gotwood4sheep	clay=0; ore=2; sheep=2; wheat=0; wood=4; unknown=0; knights=0; dev-cards=0	roads=[170,70; 70,154; 154,137; 137,136; 136,120; 120,186]; settlements=[71,120]	LJ building an army there...	 	 
207	20:49:30:242	ljaybrad123	clay=0; ore=0; sheep=2; wheat=0; wood=0; unknown=0; knights=2; dev-cards=1	roads=[184,118; 118,135; 135,152; 152,168]; settlements=[184,118]	so you think	 	 
208	20:49:30:962	gotwood4sheep	clay=0; ore=2; sheep=2; wheat=0; wood=4; unknown=0; knights=0; dev-cards=0	roads=[170,70; 70,154; 154,137; 137,136; 136,120; 120,186]; settlements=[71,120]	*death star music*	 	 
209	20:49:40:805	Server	 		william built a road.	 	 
210	20:49:44:531	Server	 		gotwood4sheep rolled a 2 and a 2.	 	 
211	20:49:44:532	Server	 		gotwood4sheep gets 2 ore, 1 wood.	 	 
212	20:49:50:336	gotwood4sheep	clay=0; ore=4; sheep=2; wheat=0; wood=5; unknown=0; knights=0; dev-cards=0	roads=[170,70; 70,154; 154,137; 137,136; 136,120; 120,186]; settlements=[71,120]	anyone got clay or wheat?	 	 
213	20:49:55:180	ljaybrad123	clay=0; ore=0; sheep=2; wheat=0; wood=0; unknown=0; knights=2; dev-cards=1	roads=[184,118; 118,135; 135,152; 152,168]; settlements=[184,118]	some resources would be lovely...	 	 
214	20:49:55:934	william	clay=0; ore=2; sheep=3; wheat=0; wood=1; unknown=0; knights=0; dev-cards=0	roads=[150,100; 100,166; 166,84; 84,99; 99,98]; settlements=[150,116; 116,182; 182,84]	no	 	 
215	20:49:59:702	ljaybrad123	clay=0; ore=0; sheep=2; wheat=0; wood=0; unknown=0; knights=2; dev-cards=1	roads=[184,118; 118,135; 135,152; 152,168]; settlements=[184,118]	no	 	 
216	20:50:04:408	gotwood4sheep	clay=0; ore=4; sheep=2; wheat=0; wood=5; unknown=0; knights=0; dev-cards=0	roads=[170,70; 70,154; 154,137; 137,136; 136,120; 120,186]; settlements=[71,120]	ok then, thanks :)	 	 
217	20:50:10:260	Server	 		gotwood4sheep traded 4 ore, 4 wood for 1 clay, 1 wheat from the bank.	 	 
218	20:50:12:368	Server	 		gotwood4sheep built a settlement.	 	 
219	20:50:23:267	gotwood4sheep	clay=0; ore=0; sheep=1; wheat=0; wood=0; unknown=0; knights=0; dev-cards=0	roads=[170,70; 70,154; 154,137; 137,136; 136,120; 120,186]; settlements=[71,120; 120,152]	there's the army	 	 
220	20:50:27:535	gotwood4sheep	clay=0; ore=0; sheep=1; wheat=0; wood=0; unknown=0; knights=0; dev-cards=0	roads=[170,70; 70,154; 154,137; 137,136; 136,120; 120,186]; settlements=[71,120; 120,152]	in its resplendent finery	 	 
221	20:50:33:419	ljaybrad123	clay=0; ore=0; sheep=2; wheat=0; wood=0; unknown=0; knights=3; dev-cards=0	roads=[184,118; 118,135; 135,152; 152,168]; settlements=[184,118]	niko i thought you couldnt build there....	 	 
222	20:50:39:691	ljaybrad123	clay=0; ore=0; sheep=2; wheat=0; wood=0; unknown=0; knights=3; dev-cards=0	roads=[184,118; 118,135; 135,152; 152,168]; settlements=[184,118]	I wish i had known that	 	 
223	20:50:52:608	Server	 		ljaybrad123 rolled a 4 and a 6.	 	 
224	20:50:52:608	Server	 		gotwood4sheep gets 2 clay. ljaybrad123 gets 1 clay. william gets 2 clay.	 	 
225	20:51:01:697	gotwood4sheep	clay=2; ore=0; sheep=0; wheat=0; wood=0; unknown=0; knights=0; dev-cards=0	roads=[170,70; 70,154; 154,137; 137,136; 136,120; 120,186]; settlements=[71,120; 120,152]	as long as you're >1 hex point from a settlement	 	 
226	20:51:02:741	ljaybrad123	clay=1; ore=0; sheep=3; wheat=0; wood=0; unknown=0; knights=3; dev-cards=0	roads=[184,118; 118,135; 135,152; 152,168]; settlements=[184,118]	anyone have wood?	 	 
227	20:51:06:346	gotwood4sheep	clay=2; ore=0; sheep=0; wheat=0; wood=0; unknown=0; knights=0; dev-cards=0	roads=[170,70; 70,154; 154,137; 137,136; 136,120; 120,186]; settlements=[71,120; 120,152]	none, sorry	 	 
228	20:51:07:177	ljaybrad123	clay=1; ore=0; sheep=3; wheat=0; wood=0; unknown=0; knights=3; dev-cards=0	roads=[184,118; 118,135; 135,152; 152,168]; settlements=[184,118]	:(	 	 
229	20:51:09:861	william	clay=2; ore=2; sheep=3; wheat=0; wood=1; unknown=0; knights=0; dev-cards=0	roads=[150,100; 100,166; 166,84; 84,99; 99,98]; settlements=[150,116; 116,182; 182,84]	no	 	 
230	20:51:15:346	Server	 		william rolled a 5 and a 3.	 	 
231	20:51:15:346	Server	 		gotwood4sheep gets 2 wood. william gets 2 wheat.	 	 
232	20:51:29:510	william	clay=2; ore=2; sheep=3; wheat=2; wood=1; unknown=0; knights=0; dev-cards=0	roads=[150,100; 100,166; 166,84; 84,99; 99,98]; settlements=[150,116; 116,182; 182,84]	can i get someone's ore?	 	 
233	20:51:33:224	gotwood4sheep	clay=2; ore=0; sheep=0; wheat=0; wood=2; unknown=0; knights=0; dev-cards=0	roads=[170,70; 70,154; 154,137; 137,136; 136,120; 120,186]; settlements=[71,120; 120,152]	I'm oreless	 	 
234	20:51:33:663	william	clay=2; ore=2; sheep=3; wheat=2; wood=1; unknown=0; knights=0; dev-cards=0	roads=[150,100; 100,166; 166,84; 84,99; 99,98]; settlements=[150,116; 116,182; 182,84]	iam giving 1 sheep	 	 
235	20:51:34:235	ljaybrad123	clay=1; ore=0; sheep=3; wheat=0; wood=0; unknown=0; knights=3; dev-cards=0	roads=[184,118; 118,135; 135,152; 152,168]; settlements=[184,118]	none	 	 
236	20:51:37:491	william	clay=2; ore=2; sheep=3; wheat=2; wood=1; unknown=0; knights=0; dev-cards=0	roads=[150,100; 100,166; 166,84; 84,99; 99,98]; settlements=[150,116; 116,182; 182,84]	ok	 	 
237	20:51:38:507	gotwood4sheep	clay=2; ore=0; sheep=0; wheat=0; wood=2; unknown=0; knights=0; dev-cards=0	roads=[170,70; 70,154; 154,137; 137,136; 136,120; 120,186]; settlements=[71,120; 120,152]	and a robber is thieving it presently :D	 	 
238	20:51:42:385	Server	 		william built a settlement.	 	 
239	20:51:51:764	Server	 		gotwood4sheep rolled a 5 and a 4.	 	 
240	20:51:51:765	Server	 		gotwood4sheep gets 1 ore. ljaybrad123 gets 1 ore. william gets 1 ore.	 	 
241	20:51:57:158	Server	 		gotwood4sheep built a road.	 	 
242	20:52:02:875	Server	 		ljaybrad123 rolled a 5 and a 5.	 	 
243	20:52:02:876	Server	 		gotwood4sheep gets 2 clay. ljaybrad123 gets 1 clay. william gets 2 clay.	 	 
244	20:52:15:540	ljaybrad123	clay=2; ore=1; sheep=3; wheat=0; wood=0; unknown=0; knights=3; dev-cards=0	roads=[184,118; 118,135; 135,152; 152,168]; settlements=[184,118]	anyone have wheat?	 	 
245	20:52:18:104	gotwood4sheep	clay=3; ore=1; sheep=0; wheat=0; wood=1; unknown=0; knights=0; dev-cards=0	roads=[170,70; 70,154; 154,137; 137,136; 136,120; 120,186; 186,203]; settlements=[71,120; 120,152]	none	 	 
246	20:52:19:534	william	clay=3; ore=2; sheep=1; wheat=0; wood=0; unknown=0; knights=0; dev-cards=1	roads=[150,100; 100,166; 166,84; 84,99; 99,98]; settlements=[150,116; 116,182; 182,84; 84,114]	no	 	 
247	20:52:23:046	gotwood4sheep	clay=3; ore=1; sheep=0; wheat=0; wood=1; unknown=0; knights=0; dev-cards=0	roads=[170,70; 70,154; 154,137; 137,136; 136,120; 120,186; 186,203]; settlements=[71,120; 120,152]	no 6s or 8s this game eh?	 	 
248	20:52:27:678	Server	 		william rolled a 5 and a 1.	 	 
249	20:52:27:678	Server	 		gotwood4sheep gets 2 wheat. ljaybrad123 gets 1 wheat. william gets 1 wheat.	 	 
250	20:52:29:127	gotwood4sheep	clay=3; ore=1; sheep=0; wheat=2; wood=1; unknown=0; knights=0; dev-cards=0	roads=[170,70; 70,154; 154,137; 137,136; 136,120; 120,186; 186,203]; settlements=[71,120; 120,152]	thought we'd have loads of wheat this game	 	 
251	20:52:32:297	gotwood4sheep	clay=3; ore=1; sheep=0; wheat=2; wood=1; unknown=0; knights=0; dev-cards=0	roads=[170,70; 70,154; 154,137; 137,136; 136,120; 120,186; 186,203]; settlements=[71,120; 120,152]	and there it is lol	 	 
252	20:52:33:273	william	clay=3; ore=2; sheep=1; wheat=1; wood=0; unknown=0; knights=0; dev-cards=1	roads=[150,100; 100,166; 166,84; 84,99; 99,98]; settlements=[150,116; 116,182; 182,84; 84,114]	eh?	 	 
253	20:52:44:715	ljaybrad123	clay=2; ore=1; sheep=3; wheat=1; wood=0; unknown=0; knights=3; dev-cards=0	roads=[184,118; 118,135; 135,152; 152,168]; settlements=[184,118]	i just cant buy anything....	 	 
254	20:52:48:626	Server	 		gotwood4sheep rolled a 1 and a 2.	 	 
255	20:52:48:627	Server	 		ljaybrad123 gets 2 sheep. william gets 1 sheep.	 	 
256	20:52:49:939	gotwood4sheep	clay=3; ore=1; sheep=0; wheat=2; wood=1; unknown=0; knights=0; dev-cards=0	roads=[170,70; 70,154; 154,137; 137,136; 136,120; 120,186; 186,203]; settlements=[71,120; 120,152]	at the start of the game i thought we'd be wheat heavy with 7s and 8s	 	 
257	20:52:58:509	gotwood4sheep	clay=3; ore=1; sheep=0; wheat=2; wood=1; unknown=0; knights=0; dev-cards=0	roads=[170,70; 70,154; 154,137; 137,136; 136,120; 120,186; 186,203]; settlements=[71,120; 120,152]	anyone want wheat?  I'd like a sheep	 	 
258	20:53:03:079	ljaybrad123	clay=2; ore=1; sheep=5; wheat=1; wood=0; unknown=0; knights=3; dev-cards=0	roads=[184,118; 118,135; 135,152; 152,168]; settlements=[184,118]	sure	 	 
259	20:53:11:596	Server	 		gotwood4sheep made an offer to trade 1 wheat for 1 sheep.	 	 
260	20:53:14:238	Server	 		gotwood4sheep traded 1 wheat for 1 sheep from ljaybrad123.	 	 
261	20:53:16:510	gotwood4sheep	clay=3; ore=1; sheep=1; wheat=1; wood=1; unknown=0; knights=0; dev-cards=0	roads=[170,70; 70,154; 154,137; 137,136; 136,120; 120,186; 186,203]; settlements=[71,120; 120,152]	ty ty	 	 
262	20:53:18:973	Server	 		gotwood4sheep built a settlement.	 	 
263	20:53:23:923	Server	 		ljaybrad123 rolled a 4 and a 4.	 	 
264	20:53:23:923	Server	 		gotwood4sheep gets 3 wood. william gets 2 wheat.	 	 
265	20:53:35:547	ljaybrad123	clay=2; ore=1; sheep=4; wheat=2; wood=0; unknown=0; knights=3; dev-cards=0	roads=[184,118; 118,135; 135,152; 152,168]; settlements=[184,118]	anyone have wood to pare?	 	 
266	20:53:40:837	william	clay=3; ore=1; sheep=1; wheat=2; wood=0; unknown=0; knights=0; dev-cards=2	roads=[150,100; 100,166; 166,84; 84,99; 99,98]; settlements=[150,116; 116,182; 182,84; 84,114]	no wood	 	 
267	20:53:46:894	gotwood4sheep	clay=2; ore=1; sheep=0; wheat=0; wood=3; unknown=0; knights=0; dev-cards=0	roads=[170,70; 70,154; 154,137; 137,136; 136,120; 120,186; 186,203]; settlements=[71,120; 120,152; 152,220]	1	 	 
268	20:53:49:554	gotwood4sheep	clay=2; ore=1; sheep=0; wheat=0; wood=3; unknown=0; knights=0; dev-cards=0	roads=[170,70; 70,154; 154,137; 137,136; 136,120; 120,186; 186,203]; settlements=[71,120; 120,152; 152,220]	what for?	 	 
269	20:53:51:918	ljaybrad123	clay=2; ore=1; sheep=4; wheat=2; wood=0; unknown=0; knights=3; dev-cards=0	roads=[184,118; 118,135; 135,152; 152,168]; settlements=[184,118]	sheep?	 	 
270	20:53:58:034	gotwood4sheep	clay=2; ore=1; sheep=0; wheat=0; wood=3; unknown=0; knights=0; dev-cards=0	roads=[170,70; 70,154; 154,137; 137,136; 136,120; 120,186; 186,203]; settlements=[71,120; 120,152; 152,220]	ok go on then :)	 	 
271	20:54:03:194	gotwood4sheep	clay=2; ore=1; sheep=0; wheat=0; wood=3; unknown=0; knights=0; dev-cards=0	roads=[170,70; 70,154; 154,137; 137,136; 136,120; 120,186; 186,203]; settlements=[71,120; 120,152; 152,220]	since you were so good to trade earlier	 	 
272	20:54:18:772	Server	 		ljaybrad123 made an offer to trade 1 sheep for 1 wood.	 	 
273	20:54:20:557	Server	 		ljaybrad123 traded 1 sheep for 1 wood from gotwood4sheep.	 	 
274	20:54:31:804	gotwood4sheep	clay=2; ore=1; sheep=1; wheat=0; wood=2; unknown=0; knights=0; dev-cards=0	roads=[170,70; 70,154; 154,137; 137,136; 136,120; 120,186; 186,203]; settlements=[71,120; 120,152; 152,220]	yeah the new build has a 'counter offer' button so you can negotiate on the fly	 	 
275	20:54:34:848	gotwood4sheep	clay=2; ore=1; sheep=1; wheat=0; wood=2; unknown=0; knights=0; dev-cards=0	roads=[170,70; 70,154; 154,137; 137,136; 136,120; 120,186; 186,203]; settlements=[71,120; 120,152; 152,220]	rather than just reject	 	 
276	20:54:36:906	gotwood4sheep	clay=2; ore=1; sheep=1; wheat=0; wood=2; unknown=0; knights=0; dev-cards=0	roads=[170,70; 70,154; 154,137; 137,136; 136,120; 120,186; 186,203]; settlements=[71,120; 120,152; 152,220]	it's interesting	 	 
277	20:54:46:096	Server	 		ljaybrad123 built a road.	 	 
278	20:54:51:110	Server	 		william rolled a 6 and a 1.	 	 
279	20:55:02:242	gotwood4sheep	clay=2; ore=1; sheep=1; wheat=0; wood=1; unknown=0; knights=0; dev-cards=0	roads=[170,70; 70,154; 154,137; 137,136; 136,120; 120,186; 186,203]; settlements=[71,120; 120,152; 152,220]	oucho	 	 
280	20:55:11:554	william	clay=3; ore=1; sheep=1; wheat=2; wood=1; unknown=0; knights=0; dev-cards=2	roads=[150,100; 100,166; 166,84; 84,99; 99,98]; settlements=[150,116; 116,182; 182,84; 84,114]	you can have it back for some ore	 	 
281	20:55:19:265	gotwood4sheep	clay=2; ore=1; sheep=1; wheat=0; wood=1; unknown=0; knights=0; dev-cards=0	roads=[170,70; 70,154; 154,137; 137,136; 136,120; 120,186; 186,203]; settlements=[71,120; 120,152; 152,220]	no ore just yet	 	 
282	20:55:25:821	gotwood4sheep	clay=2; ore=1; sheep=1; wheat=0; wood=1; unknown=0; knights=0; dev-cards=0	roads=[170,70; 70,154; 154,137; 137,136; 136,120; 120,186; 186,203]; settlements=[71,120; 120,152; 152,220]	waiting to reap now the robber has sauntered off with it	 	 
283	20:55:40:501	william	clay=3; ore=1; sheep=1; wheat=2; wood=1; unknown=0; knights=0; dev-cards=2	roads=[150,100; 100,166; 166,84; 84,99; 99,98]; settlements=[150,116; 116,182; 182,84; 84,114]	does someone have clay for me?	 	 
284	20:55:50:286	gotwood4sheep	clay=2; ore=1; sheep=1; wheat=0; wood=1; unknown=0; knights=0; dev-cards=0	roads=[170,70; 70,154; 154,137; 137,136; 136,120; 120,186; 186,203]; settlements=[71,120; 120,152; 152,220]	I am afraid I'm about to use mine	 	 
285	20:55:56:116	ljaybrad123	clay=1; ore=0; sheep=2; wheat=1; wood=0; unknown=0; knights=3; dev-cards=1	roads=[184,118; 118,135; 135,152; 152,168; 168,201]; settlements=[184,118]	i need mine sorry	 	 
286	20:55:59:545	william	clay=3; ore=1; sheep=1; wheat=2; wood=1; unknown=0; knights=0; dev-cards=2	roads=[150,100; 100,166; 166,84; 84,99; 99,98]; settlements=[150,116; 116,182; 182,84; 84,114]	kk	 	 
287	20:56:10:702	Server	 		gotwood4sheep rolled a 6 and a 4.	 	 
288	20:56:10:703	Server	 		gotwood4sheep gets 2 clay. ljaybrad123 gets 1 clay. william gets 2 clay.	 	 
289	20:56:15:775	gotwood4sheep	clay=4; ore=1; sheep=1; wheat=0; wood=1; unknown=0; knights=0; dev-cards=0	roads=[170,70; 70,154; 154,137; 137,136; 136,120; 120,186; 186,203]; settlements=[71,120; 120,152; 152,220]	now i could trade	 	 
290	20:56:18:206	gotwood4sheep	clay=4; ore=1; sheep=1; wheat=0; wood=1; unknown=0; knights=0; dev-cards=0	roads=[170,70; 70,154; 154,137; 137,136; 136,120; 120,186; 186,203]; settlements=[71,120; 120,152; 152,220]	one clay for a wood?	 	 
291	20:56:21:618	ljaybrad123	clay=2; ore=0; sheep=2; wheat=1; wood=0; unknown=0; knights=3; dev-cards=1	roads=[184,118; 118,135; 135,152; 152,168; 168,201]; settlements=[184,118]	me too :p	 	 
292	20:56:23:981	william	clay=5; ore=0; sheep=0; wheat=1; wood=1; unknown=0; knights=0; dev-cards=3	roads=[150,100; 100,166; 166,84; 84,99; 99,98]; settlements=[150,116; 116,182; 182,84; 84,114]	no i just got clay	 	 
293	20:56:26:222	ljaybrad123	clay=2; ore=0; sheep=2; wheat=1; wood=0; unknown=0; knights=3; dev-cards=1	roads=[184,118; 118,135; 135,152; 152,168; 168,201]; settlements=[184,118]	id love some wood	 	 
294	20:56:27:416	gotwood4sheep	clay=4; ore=1; sheep=1; wheat=0; wood=1; unknown=0; knights=0; dev-cards=0	roads=[170,70; 70,154; 154,137; 137,136; 136,120; 120,186; 186,203]; settlements=[71,120; 120,152; 152,220]	lol ;)	 	 
295	20:56:32:063	gotwood4sheep	clay=4; ore=1; sheep=1; wheat=0; wood=1; unknown=0; knights=0; dev-cards=0	roads=[170,70; 70,154; 154,137; 137,136; 136,120; 120,186; 186,203]; settlements=[71,120; 120,152; 152,220]	no sorry I have a wood	 	 
296	20:56:34:279	gotwood4sheep	clay=4; ore=1; sheep=1; wheat=0; wood=1; unknown=0; knights=0; dev-cards=0	roads=[170,70; 70,154; 154,137; 137,136; 136,120; 120,186; 186,203]; settlements=[71,120; 120,152; 152,220]	i was looking for 2s	 	 
297	20:56:43:176	Server	 		gotwood4sheep built a road.	 	 
298	20:57:02:262	Server	 		ljaybrad123 rolled a 2 and a 6.	 	 
299	20:57:02:263	Server	 		william gets 2 wheat.	 	 
300	20:57:04:204	gotwood4sheep	clay=2; ore=1; sheep=1; wheat=0; wood=0; unknown=0; knights=0; dev-cards=0	roads=[170,70; 70,154; 154,137; 137,136; 136,120; 120,186; 186,203; 203,138]; settlements=[71,120; 120,152; 152,220]	noooooo!	 	 
301	20:57:06:245	gotwood4sheep	clay=2; ore=1; sheep=1; wheat=0; wood=0; unknown=0; knights=0; dev-cards=0	roads=[170,70; 70,154; 154,137; 137,136; 136,120; 120,186; 186,203; 203,138]; settlements=[71,120; 120,152; 152,220]	8s :(	 	 
302	20:57:09:122	gotwood4sheep	clay=2; ore=1; sheep=1; wheat=0; wood=0; unknown=0; knights=0; dev-cards=0	roads=[170,70; 70,154; 154,137; 137,136; 136,120; 120,186; 186,203; 203,138]; settlements=[71,120; 120,152; 152,220]	great timing :D	 	 
303	20:57:13:175	ljaybrad123	clay=3; ore=0; sheep=2; wheat=1; wood=0; unknown=0; knights=4; dev-cards=0	roads=[184,118; 118,135; 135,152; 152,168; 168,201]; settlements=[184,118]	anyone have wood? :p	 	 
304	20:57:17:081	gotwood4sheep	clay=2; ore=1; sheep=1; wheat=0; wood=0; unknown=0; knights=0; dev-cards=0	roads=[170,70; 70,154; 154,137; 137,136; 136,120; 120,186; 186,203; 203,138]; settlements=[71,120; 120,152; 152,220]	zero	 	 
305	20:57:18:458	william	clay=5; ore=0; sheep=0; wheat=3; wood=1; unknown=0; knights=0; dev-cards=3	roads=[150,100; 100,166; 166,84; 84,99; 99,98]; settlements=[150,116; 116,182; 182,84; 84,114]	not for trade	 	 
306	20:57:26:697	ljaybrad123	clay=3; ore=0; sheep=2; wheat=1; wood=0; unknown=0; knights=4; dev-cards=0	roads=[184,118; 118,135; 135,152; 152,168; 168,201]; settlements=[184,118]	or ore?	 	 
307	20:57:31:501	william	clay=5; ore=0; sheep=0; wheat=3; wood=1; unknown=0; knights=0; dev-cards=3	roads=[150,100; 100,166; 166,84; 84,99; 99,98]; settlements=[150,116; 116,182; 182,84; 84,114]	none	 	 
308	20:57:35:695	gotwood4sheep	clay=2; ore=1; sheep=1; wheat=0; wood=0; unknown=0; knights=0; dev-cards=0	roads=[170,70; 70,154; 154,137; 137,136; 136,120; 120,186; 186,203; 203,138]; settlements=[71,120; 120,152; 152,220]	an ore	 	 
309	20:57:39:529	gotwood4sheep	clay=2; ore=1; sheep=1; wheat=0; wood=0; unknown=0; knights=0; dev-cards=0	roads=[170,70; 70,154; 154,137; 137,136; 136,120; 120,186; 186,203; 203,138]; settlements=[71,120; 120,152; 152,220]	but would need a good price	 	 
310	20:57:40:696	ljaybrad123	clay=3; ore=0; sheep=2; wheat=1; wood=0; unknown=0; knights=4; dev-cards=0	roads=[184,118; 118,135; 135,152; 152,168; 168,201]; settlements=[184,118]	sheep or clay?	 	 
311	20:57:45:578	gotwood4sheep	clay=2; ore=1; sheep=1; wheat=0; wood=0; unknown=0; knights=0; dev-cards=0	roads=[170,70; 70,154; 154,137; 137,136; 136,120; 120,186; 186,203; 203,138]; settlements=[71,120; 120,152; 152,220]	got both, sorry :(	 	 
312	20:57:51:733	ljaybrad123	clay=3; ore=0; sheep=2; wheat=1; wood=0; unknown=0; knights=4; dev-cards=0	roads=[184,118; 118,135; 135,152; 152,168; 168,201]; settlements=[184,118]	one of each?	 	 
313	20:57:59:850	gotwood4sheep	clay=2; ore=1; sheep=1; wheat=0; wood=0; unknown=0; knights=0; dev-cards=0	roads=[170,70; 70,154; 154,137; 137,136; 136,120; 120,186; 186,203; 203,138]; settlements=[71,120; 120,152; 152,220]	sorry, that doesn't get me anywhere	 	 
314	20:58:02:102	gotwood4sheep	clay=2; ore=1; sheep=1; wheat=0; wood=0; unknown=0; knights=0; dev-cards=0	roads=[170,70; 70,154; 154,137; 137,136; 136,120; 120,186; 186,203; 203,138]; settlements=[71,120; 120,152; 152,220]	apologies :(	 	 
315	20:58:02:970	ljaybrad123	clay=3; ore=0; sheep=2; wheat=1; wood=0; unknown=0; knights=4; dev-cards=0	roads=[184,118; 118,135; 135,152; 152,168; 168,201]; settlements=[184,118]	:I(	 	 
316	20:58:12:189	ljaybrad123	clay=3; ore=0; sheep=2; wheat=1; wood=0; unknown=0; knights=4; dev-cards=0	roads=[184,118; 118,135; 135,152; 152,168; 168,201]; settlements=[184,118]	id love to build omething :p	 	 
317	20:58:16:359	Server	 		william rolled a 3 and a 4.	 	 
318	20:58:24:267	gotwood4sheep	clay=2; ore=1; sheep=1; wheat=0; wood=0; unknown=0; knights=0; dev-cards=0	roads=[170,70; 70,154; 154,137; 137,136; 136,120; 120,186; 186,203; 203,138]; settlements=[71,120; 120,152; 152,220]	oh william. this again.	 	 
319	20:58:33:535	gotwood4sheep	clay=2; ore=1; sheep=1; wheat=0; wood=0; unknown=0; knights=0; dev-cards=0	roads=[170,70; 70,154; 154,137; 137,136; 136,120; 120,186; 186,203; 203,138]; settlements=[71,120; 120,152; 152,220]	you have no luck 7-ing your own pile	 	 
320	20:58:36:540	ljaybrad123	clay=3; ore=0; sheep=2; wheat=1; wood=0; unknown=0; knights=4; dev-cards=0	roads=[184,118; 118,135; 135,152; 152,168; 168,201]; settlements=[184,118]	ive had one chance to build all game and then there was no where to build	 	 
321	20:58:47:627	gotwood4sheep	clay=2; ore=1; sheep=1; wheat=0; wood=0; unknown=0; knights=0; dev-cards=0	roads=[170,70; 70,154; 154,137; 137,136; 136,120; 120,186; 186,203; 203,138]; settlements=[71,120; 120,152; 152,220]	you've been boxed in rather	 	 
322	20:59:11:354	Server	 		gotwood4sheep rolled a 4 and a 3.	 	 
323	20:59:23:996	Server	 		ljaybrad123 rolled a 5 and a 4.	 	 
324	20:59:23:997	Server	 		gotwood4sheep gets 1 ore. ljaybrad123 gets 1 ore. william gets 1 ore.	 	 
325	20:59:26:092	william	clay=4; ore=1; sheep=0; wheat=0; wood=1; unknown=0; knights=0; dev-cards=3	roads=[150,100; 100,166; 166,84; 84,99; 99,98]; settlements=[150,116; 116,182; 182,84; 84,114]	^^	 	 
326	20:59:34:021	ljaybrad123	clay=3; ore=1; sheep=2; wheat=1; wood=0; unknown=0; knights=4; dev-cards=0	roads=[184,118; 118,135; 135,152; 152,168; 168,201]; settlements=[184,118]	wood anyone?	 	 
327	20:59:34:930	gotwood4sheep	clay=2; ore=2; sheep=1; wheat=0; wood=0; unknown=0; knights=0; dev-cards=0	roads=[170,70; 70,154; 154,137; 137,136; 136,120; 120,186; 186,203; 203,138]; settlements=[71,120; 120,152; 152,220]	lj gets ore!	 	 
328	20:59:39:627	gotwood4sheep	clay=2; ore=2; sheep=1; wheat=0; wood=0; unknown=0; knights=0; dev-cards=0	roads=[170,70; 70,154; 154,137; 137,136; 136,120; 120,186; 186,203; 203,138]; settlements=[71,120; 120,152; 152,220]	no wood sorry	 	 
329	20:59:40:104	william	clay=4; ore=1; sheep=0; wheat=0; wood=1; unknown=0; knights=0; dev-cards=3	roads=[150,100; 100,166; 166,84; 84,99; 99,98]; settlements=[150,116; 116,182; 182,84; 84,114]	no	 	 
330	20:59:47:278	Server	 		william rolled a 4 and a 6.	 	 
331	20:59:47:279	Server	 		gotwood4sheep gets 2 clay.	 	 
332	21:00:02:961	Server	 		william traded 2 clay for 1 sheep from a port.	 	 
333	21:00:07:260	Server	 		william made an offer to trade 2 clay for 1 wheat.	 	 
334	21:00:12:124	gotwood4sheep	clay=4; ore=2; sheep=1; wheat=0; wood=0; unknown=0; knights=0; dev-cards=0	roads=[170,70; 70,154; 154,137; 137,136; 136,120; 120,186; 186,203; 203,138]; settlements=[71,120; 120,152; 152,220]	i have no wheat, sorry	 	 
335	21:00:15:011	Server	 		william traded 2 clay for 1 wheat from a port.	 	 
336	21:00:19:654	william	clay=0; ore=1; sheep=1; wheat=1; wood=1; unknown=0; knights=0; dev-cards=3	roads=[150,100; 100,166; 166,84; 84,99; 99,98]; settlements=[150,116; 116,182; 182,84; 84,114]	my bad. i meant the bank	 	 
337	21:00:20:225	gotwood4sheep	clay=4; ore=2; sheep=1; wheat=0; wood=0; unknown=0; knights=0; dev-cards=0	roads=[170,70; 70,154; 154,137; 137,136; 136,120; 120,186; 186,203; 203,138]; settlements=[71,120; 120,152; 152,220]	but the ocean does	 	 
338	21:00:24:544	gotwood4sheep	clay=4; ore=2; sheep=1; wheat=0; wood=0; unknown=0; knights=0; dev-cards=0	roads=[170,70; 70,154; 154,137; 137,136; 136,120; 120,186; 186,203; 203,138]; settlements=[71,120; 120,152; 152,220]	i know ;)	 	 
339	21:00:34:736	Server	 		gotwood4sheep rolled a 4 and a 2.	 	 
340	21:00:34:737	Server	 		ljaybrad123 gets 1 wheat. william gets 1 wheat.	 	 
341	21:00:37:298	gotwood4sheep	clay=3; ore=2; sheep=1; wheat=0; wood=0; unknown=0; knights=0; dev-cards=0	roads=[170,70; 70,154; 154,137; 137,136; 136,120; 120,186; 186,203; 203,138]; settlements=[71,120; 120,152; 152,220]	nooo!	 	 
342	21:00:39:140	gotwood4sheep	clay=3; ore=2; sheep=1; wheat=0; wood=0; unknown=0; knights=0; dev-cards=0	roads=[170,70; 70,154; 154,137; 137,136; 136,120; 120,186; 186,203; 203,138]; settlements=[71,120; 120,152; 152,220]	what timing!	 	 
343	21:00:52:341	Server	 		ljaybrad123 rolled a 2 and a 3.	 	 
344	21:00:52:342	Server	 		gotwood4sheep gets 1 wood. william gets 2 wood.	 	 
345	21:01:01:941	ljaybrad123	clay=4; ore=0; sheep=1; wheat=1; wood=0; unknown=0; knights=5; dev-cards=0	roads=[184,118; 118,135; 135,152; 152,168; 168,201]; settlements=[184,118]	wood for clay anyone?	 	 
346	21:01:05:076	ljaybrad123	clay=4; ore=0; sheep=1; wheat=1; wood=0; unknown=0; knights=5; dev-cards=0	roads=[184,118; 118,135; 135,152; 152,168; 168,201]; settlements=[184,118]	please	 	 
347	21:01:08:744	gotwood4sheep	clay=3; ore=2; sheep=1; wheat=0; wood=1; unknown=0; knights=0; dev-cards=0	roads=[170,70; 70,154; 154,137; 137,136; 136,120; 120,186; 186,203; 203,138]; settlements=[71,120; 120,152; 152,220]	got 3 clay, sorry	 	 
348	21:01:09:690	william	clay=0; ore=0; sheep=0; wheat=1; wood=3; unknown=0; knights=1; dev-cards=3	roads=[150,100; 100,166; 166,84; 84,99; 99,98]; settlements=[150,116; 116,182; 182,84; 84,114]	you want wood?	 	 
349	21:01:11:096	gotwood4sheep	clay=3; ore=2; sheep=1; wheat=0; wood=1; unknown=0; knights=0; dev-cards=0	roads=[170,70; 70,154; 154,137; 137,136; 136,120; 120,186; 186,203; 203,138]; settlements=[71,120; 120,152; 152,220]	not on my wishlist	 	 
350	21:01:12:138	ljaybrad123	clay=4; ore=0; sheep=1; wheat=1; wood=0; unknown=0; knights=5; dev-cards=0	roads=[184,118; 118,135; 135,152; 152,168; 168,201]; settlements=[184,118]	yes	 	 
351	21:01:19:490	william	clay=0; ore=0; sheep=0; wheat=1; wood=3; unknown=0; knights=1; dev-cards=3	roads=[150,100; 100,166; 166,84; 84,99; 99,98]; settlements=[150,116; 116,182; 182,84; 84,114]	i will give you 1 wood for 1 clay	 	 
352	21:01:24:911	gotwood4sheep	clay=3; ore=2; sheep=1; wheat=0; wood=1; unknown=0; knights=0; dev-cards=0	roads=[170,70; 70,154; 154,137; 137,136; 136,120; 120,186; 186,203; 203,138]; settlements=[71,120; 120,152; 152,220]	gent	 	 
353	21:01:31:580	gotwood4sheep	clay=3; ore=2; sheep=1; wheat=0; wood=1; unknown=0; knights=0; dev-cards=0	roads=[170,70; 70,154; 154,137; 137,136; 136,120; 120,186; 186,203; 203,138]; settlements=[71,120; 120,152; 152,220]	that's chivalry	 	 
354	21:01:32:351	Server	 		ljaybrad123 made an offer to trade 1 clay for 1 wood.	 	 
355	21:01:35:739	ljaybrad123	clay=4; ore=0; sheep=1; wheat=1; wood=0; unknown=0; knights=5; dev-cards=0	roads=[184,118; 118,135; 135,152; 152,168; 168,201]; settlements=[184,118]	thankyou	 	 
356	21:01:36:110	Server	 		ljaybrad123 traded 1 clay for 1 wood from william.	 	 
357	21:01:45:614	Server	 		ljaybrad123 built a settlement.	 	 
358	21:01:48:899	gotwood4sheep	clay=3; ore=2; sheep=1; wheat=0; wood=1; unknown=0; knights=0; dev-cards=0	roads=[170,70; 70,154; 154,137; 137,136; 136,120; 120,186; 186,203; 203,138]; settlements=[71,120; 120,152; 152,220]	build!!	 	 
359	21:01:55:047	ljaybrad123	clay=2; ore=0; sheep=0; wheat=0; wood=0; unknown=0; knights=5; dev-cards=0	roads=[184,118; 118,135; 135,152; 152,168; 168,201]; settlements=[184,118; 118,218]	finally...	 	 
360	21:01:57:525	william	clay=1; ore=0; sheep=0; wheat=1; wood=2; unknown=0; knights=1; dev-cards=3	roads=[150,100; 100,166; 166,84; 84,99; 99,98]; settlements=[150,116; 116,182; 182,84; 84,114]	nice	 	 
361	21:01:58:843	Server	 		william rolled a 4 and a 6.	 	 
362	21:01:58:844	Server	 		gotwood4sheep gets 2 clay. ljaybrad123 gets 1 clay. william gets 2 clay.	 	 
363	21:02:04:298	gotwood4sheep	clay=5; ore=2; sheep=1; wheat=0; wood=1; unknown=0; knights=0; dev-cards=0	roads=[170,70; 70,154; 154,137; 137,136; 136,120; 120,186; 186,203; 203,138]; settlements=[71,120; 120,152; 152,220]	clay for all!#	 	 
364	21:02:19:676	Server	 		gotwood4sheep rolled a 2 and a 6.	 	 
365	21:02:19:676	Server	 		gotwood4sheep gets 3 wood. william gets 2 wheat.	 	 
366	21:02:23:242	Server	 		gotwood4sheep built a road.	 	 
367	21:02:29:245	gotwood4sheep	clay=3; ore=2; sheep=1; wheat=0; wood=3; unknown=0; knights=0; dev-cards=0	roads=[170,70; 70,154; 154,137; 137,136; 136,120; 120,186; 186,203; 203,138; 138,139]; settlements=[71,120; 120,152; 152,220]	anyone got wheat to trade?	 	 
368	21:02:33:839	ljaybrad123	clay=3; ore=0; sheep=0; wheat=0; wood=0; unknown=0; knights=5; dev-cards=0	roads=[184,118; 118,135; 135,152; 152,168; 168,201]; settlements=[184,118; 118,218]	nope	 	 
369	21:02:34:018	william	clay=4; ore=0; sheep=0; wheat=3; wood=2; unknown=0; knights=2; dev-cards=2	roads=[150,100; 100,166; 166,84; 84,99; 99,98]; settlements=[150,116; 116,182; 182,84; 84,114]	for wood	 	 
370	21:02:43:340	gotwood4sheep	clay=3; ore=2; sheep=1; wheat=0; wood=3; unknown=0; knights=0; dev-cards=0	roads=[170,70; 70,154; 154,137; 137,136; 136,120; 120,186; 186,203; 203,138; 138,139]; settlements=[71,120; 120,152; 152,220]	1 for 1?	 	 
371	21:02:46:031	william	clay=4; ore=0; sheep=0; wheat=3; wood=2; unknown=0; knights=2; dev-cards=2	roads=[150,100; 100,166; 166,84; 84,99; 99,98]; settlements=[150,116; 116,182; 182,84; 84,114]	yes	 	 
372	21:02:47:133	gotwood4sheep	clay=3; ore=2; sheep=1; wheat=0; wood=3; unknown=0; knights=0; dev-cards=0	roads=[170,70; 70,154; 154,137; 137,136; 136,120; 120,186; 186,203; 203,138; 138,139]; settlements=[71,120; 120,152; 152,220]	kk	 	 
373	21:02:51:709	Server	 		gotwood4sheep made an offer to trade 1 wood for 1 wheat.	 	 
374	21:02:54:074	Server	 		gotwood4sheep traded 1 wood for 1 wheat from william.	 	 
375	21:02:54:905	gotwood4sheep	clay=3; ore=2; sheep=1; wheat=1; wood=2; unknown=0; knights=0; dev-cards=0	roads=[170,70; 70,154; 154,137; 137,136; 136,120; 120,186; 186,203; 203,138; 138,139]; settlements=[71,120; 120,152; 152,220]	ty ty	 	 
376	21:02:57:321	Server	 		gotwood4sheep built a settlement.	 	 
377	21:03:02:941	Server	 		gotwood4sheep built a road.	 	 
378	21:03:06:461	Server	 		ljaybrad123 rolled a 3 and a 3.	 	 
379	21:03:06:461	Server	 		gotwood4sheep gets 2 wheat. ljaybrad123 gets 1 wheat. william gets 1 wheat.	 	 
380	21:03:12:620	ljaybrad123	clay=3; ore=0; sheep=0; wheat=1; wood=0; unknown=0; knights=5; dev-cards=0	roads=[184,118; 118,135; 135,152; 152,168; 168,201]; settlements=[184,118; 118,218]	anyone have wood?	 	 
381	21:03:17:558	gotwood4sheep	clay=1; ore=2; sheep=0; wheat=2; wood=0; unknown=0; knights=0; dev-cards=0	roads=[170,70; 70,154; 154,137; 137,136; 136,120; 120,186; 186,203; 203,138; 138,139; 139,103]; settlements=[71,120; 120,152; 152,220; 220,156]	none, sorry	 	 
382	21:03:18:121	william	clay=4; ore=0; sheep=0; wheat=3; wood=3; unknown=0; knights=2; dev-cards=2	roads=[150,100; 100,166; 166,84; 84,99; 99,98]; settlements=[150,116; 116,182; 182,84; 84,114]	sorry	 	 
383	21:03:23:842	gotwood4sheep	clay=1; ore=2; sheep=0; wheat=2; wood=0; unknown=0; knights=0; dev-cards=0	roads=[170,70; 70,154; 154,137; 137,136; 136,120; 120,186; 186,203; 203,138; 138,139; 139,103]; settlements=[71,120; 120,152; 152,220; 220,156]	just traded and william's sitting on it	 	 
384	21:03:30:200	william	clay=4; ore=0; sheep=0; wheat=3; wood=3; unknown=0; knights=2; dev-cards=2	roads=[150,100; 100,166; 166,84; 84,99; 99,98]; settlements=[150,116; 116,182; 182,84; 84,114]	i need it though...	 	 
385	21:03:35:791	ljaybrad123	clay=3; ore=0; sheep=0; wheat=1; wood=0; unknown=0; knights=5; dev-cards=0	roads=[184,118; 118,135; 135,152; 152,168; 168,201]; settlements=[184,118; 118,218]	you could roll a 7 though....	 	 
386	21:03:47:004	gotwood4sheep	clay=1; ore=2; sheep=0; wheat=2; wood=0; unknown=0; knights=0; dev-cards=0	roads=[170,70; 70,154; 154,137; 137,136; 136,120; 120,186; 186,203; 203,138; 138,139; 139,103]; settlements=[71,120; 120,152; 152,220; 220,156]	true dat :D	 	 
387	21:04:01:597	ljaybrad123	clay=3; ore=0; sheep=0; wheat=1; wood=0; unknown=0; knights=5; dev-cards=0	roads=[184,118; 118,135; 135,152; 152,168; 168,201]; settlements=[184,118; 118,218]	anyone have clay for wheat?	 	 
388	21:04:08:670	william	clay=4; ore=0; sheep=0; wheat=3; wood=3; unknown=0; knights=2; dev-cards=2	roads=[150,100; 100,166; 166,84; 84,99; 99,98]; settlements=[150,116; 116,182; 182,84; 84,114]	no	 	 
389	21:04:09:596	gotwood4sheep	clay=1; ore=2; sheep=0; wheat=2; wood=0; unknown=0; knights=0; dev-cards=0	roads=[170,70; 70,154; 154,137; 137,136; 136,120; 120,186; 186,203; 203,138; 138,139; 139,103]; settlements=[71,120; 120,152; 152,220; 220,156]	don't need wheat, sorry	 	 
390	21:04:14:527	Server	 		william rolled a 5 and a 5.	 	 
391	21:04:14:528	Server	 		gotwood4sheep gets 3 clay. ljaybrad123 gets 1 clay. william gets 2 clay.	 	 
392	21:04:23:947	Server	 		william traded 2 clay for 1 wood from a port.	 	 
393	21:04:29:243	Server	 		william built a road.	 	 
394	21:04:31:709	Server	 		william built a road.	 	 
395	21:04:34:308	Server	 		william built a road.	 	 
396	21:04:36:788	Server	 		william built a road.	 	 
397	21:04:42:048	Server	 		gotwood4sheep rolled a 4 and a 6.	 	 
398	21:04:42:048	Server	 		gotwood4sheep gets 3 clay. ljaybrad123 gets 1 clay. william gets 2 clay.	 	 
399	21:04:48:005	gotwood4sheep	clay=7; ore=2; sheep=0; wheat=2; wood=0; unknown=0; knights=0; dev-cards=0	roads=[170,70; 70,154; 154,137; 137,136; 136,120; 120,186; 186,203; 203,138; 138,139; 139,103]; settlements=[71,120; 120,152; 152,220; 220,156]	nice work	 	 
400	21:04:54:333	william	clay=2; ore=0; sheep=0; wheat=3; wood=0; unknown=0; knights=2; dev-cards=2	roads=[150,100; 100,166; 166,84; 84,99; 99,98; 98,114; 114,131; 131,132; 132,133]; settlements=[150,116; 116,182; 182,84; 84,114]	my big coup ;)	 	 
401	21:04:56:582	william	clay=2; ore=0; sheep=0; wheat=3; wood=0; unknown=0; knights=2; dev-cards=2	roads=[150,100; 100,166; 166,84; 84,99; 99,98; 98,114; 114,131; 131,132; 132,133]; settlements=[150,116; 116,182; 182,84; 84,114]	let	 	 
402	21:05:02:103	william	clay=2; ore=0; sheep=0; wheat=3; wood=0; unknown=0; knights=2; dev-cards=2	roads=[150,100; 100,166; 166,84; 84,99; 99,98; 98,114; 114,131; 131,132; 132,133]; settlements=[150,116; 116,182; 182,84; 84,114]	let's see how long it holds	 	 
403	21:05:02:583	Server	 		gotwood4sheep traded 4 clay for 1 ore from the bank.	 	 
404	21:05:06:128	Server	 		gotwood4sheep built a city.	 	 
405	21:05:10:471	Server	 		ljaybrad123 rolled a 1 and a 5.	 	 
406	21:05:10:471	Server	 		gotwood4sheep gets 2 wheat. ljaybrad123 gets 1 wheat. william gets 1 wheat.	 	 
407	21:05:10:847	gotwood4sheep	clay=3; ore=0; sheep=0; wheat=2; wood=0; unknown=0; knights=0; dev-cards=0	roads=[170,70; 70,154; 154,137; 137,136; 136,120; 120,186; 186,203; 203,138; 138,139; 139,103]; settlements=[71,120; 120,220; 220,156]; cities=[171,152]	indeed, gl :D	 	 
408	21:05:26:802	ljaybrad123	clay=5; ore=0; sheep=0; wheat=2; wood=0; unknown=0; knights=5; dev-cards=0	roads=[184,118; 118,135; 135,152; 152,168; 168,201]; settlements=[184,118; 118,218]	anyone have sheep or wood for clay?	 	 
409	21:05:31:801	william	clay=2; ore=0; sheep=0; wheat=4; wood=0; unknown=0; knights=2; dev-cards=2	roads=[150,100; 100,166; 166,84; 84,99; 99,98; 98,114; 114,131; 131,132; 132,133]; settlements=[150,116; 116,182; 182,84; 84,114]	no	 	 
410	21:05:32:585	gotwood4sheep	clay=3; ore=0; sheep=0; wheat=2; wood=0; unknown=0; knights=0; dev-cards=0	roads=[170,70; 70,154; 154,137; 137,136; 136,120; 120,186; 186,203; 203,138; 138,139; 139,103]; settlements=[71,120; 120,220; 220,156]; cities=[171,152]	neither, sorry	 	 
411	21:05:45:431	Server	 		william rolled a 6 and a 4.	 	 
412	21:05:45:432	Server	 		gotwood4sheep gets 3 clay. ljaybrad123 gets 1 clay. william gets 2 clay.	 	 
413	21:06:03:683	Server	 		william traded 2 clay for 1 ore from a port.	 	 
414	21:06:08:898	Server	 		william traded 2 clay for 1 ore from a port.	 	 
415	21:06:15:219	Server	 		william traded 2 wheat for 1 ore from a port.	 	 
416	21:06:19:941	william	clay=0; ore=3; sheep=0; wheat=2; wood=0; unknown=0; knights=2; dev-cards=2	roads=[150,100; 100,166; 166,84; 84,99; 99,98; 98,114; 114,131; 131,132; 132,133]; settlements=[150,116; 116,182; 182,84; 84,114]	that's all folks	 	 
417	21:06:22:201	gotwood4sheep	clay=6; ore=0; sheep=0; wheat=2; wood=0; unknown=0; knights=0; dev-cards=0	roads=[170,70; 70,154; 154,137; 137,136; 136,120; 120,186; 186,203; 203,138; 138,139; 139,103]; settlements=[71,120; 120,220; 220,156]; cities=[171,152]	well played william!	 	 
418	21:06:22:810	Server	 		william built a city.	 	 
419	21:06:24:821	gotwood4sheep	clay=6; ore=0; sheep=0; wheat=2; wood=0; unknown=0; knights=0; dev-cards=0	roads=[170,70; 70,154; 154,137; 137,136; 136,120; 120,186; 186,203; 203,138; 138,139; 139,103]; settlements=[71,120; 120,220; 220,156]; cities=[171,152]	gg	 	 
420	21:06:27:691	ljaybrad123	clay=6; ore=0; sheep=0; wheat=2; wood=0; unknown=0; knights=5; dev-cards=0	roads=[184,118; 118,135; 135,152; 152,168; 168,201]; settlements=[184,118; 118,218]	well done	 	 
421	21:06:32:704	william	clay=0; ore=0; sheep=0; wheat=0; wood=0; unknown=0; knights=2; dev-cards=2	roads=[150,100; 100,166; 166,84; 84,99; 99,98; 98,114; 114,131; 131,132; 132,133]; settlements=[116,182; 182,84; 84,114]	phew	 	 
422	21:06:33:289	gotwood4sheep	clay=6; ore=0; sheep=0; wheat=2; wood=0; unknown=0; knights=0; dev-cards=0	roads=[170,70; 70,154; 154,137; 137,136; 136,120; 120,186; 186,203; 203,138; 138,139; 139,103]; settlements=[71,120; 120,220; 220,156]; cities=[171,152]	that clay port + lots of 10s = victory	 	 
423	21:06:36:068	ljaybrad123	clay=6; ore=0; sheep=0; wheat=2; wood=0; unknown=0; knights=5; dev-cards=0	roads=[184,118; 118,135; 135,152; 152,168; 168,201]; settlements=[184,118; 118,218]	i played awful tonight	 	 
424	21:06:46:076	william	clay=0; ore=0; sheep=0; wheat=0; wood=0; unknown=0; knights=2; dev-cards=2	roads=[150,100; 100,166; 166,84; 84,99; 99,98; 98,114; 114,131; 131,132; 132,133]; settlements=[116,182; 182,84; 84,114]	that crossing was unlucky	 	 
425	21:06:55:689	ljaybrad123	clay=6; ore=0; sheep=0; wheat=2; wood=0; unknown=0; knights=5; dev-cards=0	roads=[184,118; 118,135; 135,152; 152,168; 168,201]; settlements=[184,118; 118,218]	so hang on... all of us won a game?	 	 
426	21:07:03:279	william	clay=0; ore=0; sheep=0; wheat=0; wood=0; unknown=0; knights=2; dev-cards=2	roads=[150,100; 100,166; 166,84; 84,99; 99,98; 98,114; 114,131; 131,132; 132,133]; settlements=[116,182; 182,84; 84,114]	i guess so	 	 
427	21:07:05:697	gotwood4sheep	clay=6; ore=0; sheep=0; wheat=2; wood=0; unknown=0; knights=0; dev-cards=0	roads=[170,70; 70,154; 154,137; 137,136; 136,120; 120,186; 186,203; 203,138; 138,139; 139,103]; settlements=[71,120; 120,220; 220,156]; cities=[171,152]	i won 2	 	 
428	21:07:05:817	ljaybrad123	clay=6; ore=0; sheep=0; wheat=2; wood=0; unknown=0; knights=5; dev-cards=0	roads=[184,118; 118,135; 135,152; 152,168; 168,201]; settlements=[184,118; 118,218]	I guess it will go to niko who won yh	 	 
429	21:07:11:139	ljaybrad123	clay=6; ore=0; sheep=0; wheat=2; wood=0; unknown=0; knights=5; dev-cards=0	roads=[184,118; 118,135; 135,152; 152,168; 168,201]; settlements=[184,118; 118,218]	then4 player?	 	 
430	21:07:18:751	gotwood4sheep	clay=6; ore=0; sheep=0; wheat=2; wood=0; unknown=0; knights=0; dev-cards=0	roads=[170,70; 70,154; 154,137; 137,136; 136,120; 120,186; 186,203; 203,138; 138,139; 139,103]; settlements=[71,120; 120,220; 220,156]; cities=[171,152]	indeed, if we're counting that	 	 
431	21:07:29:607	gotwood4sheep	clay=6; ore=0; sheep=0; wheat=2; wood=0; unknown=0; knights=0; dev-cards=0	roads=[170,70; 70,154; 154,137; 137,136; 136,120; 120,186; 186,203; 203,138; 138,139; 139,103]; settlements=[71,120; 120,220; 220,156]; cities=[171,152]	I make it 5 games including that	 	 
432	21:07:33:434	ljaybrad123	clay=6; ore=0; sheep=0; wheat=2; wood=0; unknown=0; knights=5; dev-cards=0	roads=[184,118; 118,135; 135,152; 152,168; 168,201]; settlements=[184,118; 118,218]	I think the plan was to just count 3 player...	 	 
433	21:07:37:195	william	clay=0; ore=0; sheep=0; wheat=0; wood=0; unknown=0; knights=2; dev-cards=2	roads=[150,100; 100,166; 166,84; 84,99; 99,98; 98,114; 114,131; 131,132; 132,133]; settlements=[116,182; 182,84; 84,114]	hmm	 	 
434	21:07:37:570	gotwood4sheep	clay=6; ore=0; sheep=0; wheat=2; wood=0; unknown=0; knights=0; dev-cards=0	roads=[170,70; 70,154; 154,137; 137,136; 136,120; 120,186; 186,203; 203,138; 138,139; 139,103]; settlements=[71,120; 120,220; 220,156]; cities=[171,152]	we'll have to get markus to adjudicate	 	 
435	21:07:45:229	ljaybrad123	clay=6; ore=0; sheep=0; wheat=2; wood=0; unknown=0; knights=5; dev-cards=0	roads=[184,118; 118,135; 135,152; 152,168; 168,201]; settlements=[184,118; 118,218]	but if its a draw i presume that one will count	 	 
436	21:07:53:472	william	clay=0; ore=0; sheep=0; wheat=0; wood=0; unknown=0; knights=2; dev-cards=2	roads=[150,100; 100,166; 166,84; 84,99; 99,98; 98,114; 114,131; 131,132; 132,133]; settlements=[116,182; 182,84; 84,114]	maybe the distance in points makes a difference	 	 
437	21:07:53:608	gotwood4sheep	clay=6; ore=0; sheep=0; wheat=2; wood=0; unknown=0; knights=0; dev-cards=0	roads=[170,70; 70,154; 154,137; 137,136; 136,120; 120,186; 186,203; 203,138; 138,139; 139,103]; settlements=[71,120; 120,220; 220,156]; cities=[171,152]	the 3handed are all 1 each	 	 
438	21:08:04:737	gotwood4sheep	clay=6; ore=0; sheep=0; wheat=2; wood=0; unknown=0; knights=0; dev-cards=0	roads=[170,70; 70,154; 154,137; 137,136; 136,120; 120,186; 186,203; 203,138; 138,139; 139,103]; settlements=[71,120; 120,220; 220,156]; cities=[171,152]	we'll ask markus, he has all the data	 	 
439	21:08:08:877	ljaybrad123	clay=6; ore=0; sheep=0; wheat=2; wood=0; unknown=0; knights=5; dev-cards=0	roads=[184,118; 118,135; 135,152; 152,168; 168,201]; settlements=[184,118; 118,218]	yep	 	 
440	21:08:09:090	william	clay=0; ore=0; sheep=0; wheat=0; wood=0; unknown=0; knights=2; dev-cards=2	roads=[150,100; 100,166; 166,84; 84,99; 99,98; 98,114; 114,131; 131,132; 132,133]; settlements=[116,182; 182,84; 84,114]	yup	 	 
441	21:08:12:509	ljaybrad123	clay=6; ore=0; sheep=0; wheat=2; wood=0; unknown=0; knights=5; dev-cards=0	roads=[184,118; 118,135; 135,152; 152,168; 168,201]; settlements=[184,118; 118,218]	well thanks guys	 	 
442	21:08:19:243	william	clay=0; ore=0; sheep=0; wheat=0; wood=0; unknown=0; knights=2; dev-cards=2	roads=[150,100; 100,166; 166,84; 84,99; 99,98; 98,114; 114,131; 131,132; 132,133]; settlements=[116,182; 182,84; 84,114]	i am off to get a haircut now ;)	 	 
443	21:08:20:553	ljaybrad123	clay=6; ore=0; sheep=0; wheat=2; wood=0; unknown=0; knights=5; dev-cards=0	roads=[184,118; 118,135; 135,152; 152,168; 168,201]; settlements=[184,118; 118,218]	im gonna go sleep off these painkillers	 	 
444	21:08:22:564	william	clay=0; ore=0; sheep=0; wheat=0; wood=0; unknown=0; knights=2; dev-cards=2	roads=[150,100; 100,166; 166,84; 84,99; 99,98; 98,114; 114,131; 131,132; 132,133]; settlements=[116,182; 182,84; 84,114]	thanks for playing	 	 
445	21:08:32:481	gotwood4sheep	clay=6; ore=0; sheep=0; wheat=2; wood=0; unknown=0; knights=0; dev-cards=0	roads=[170,70; 70,154; 154,137; 137,136; 136,120; 120,186; 186,203; 203,138; 138,139; 139,103]; settlements=[71,120; 120,220; 220,156]; cities=[171,152]	gg all well played!	 	 
446	21:08:35:419	gotwood4sheep	clay=6; ore=0; sheep=0; wheat=2; wood=0; unknown=0; knights=0; dev-cards=0	roads=[170,70; 70,154; 154,137; 137,136; 136,120; 120,186; 186,203; 203,138; 138,139; 139,103]; settlements=[71,120; 120,220; 220,156]; cities=[171,152]	was a close league!!!	 	 
