ID	Timestamp	Emitter	Resources	Buildups	Text	Annotation	Comment
0.1	21:58:29:075	inca	 	 	hey, like the room name	 	 
1	21:58:38:140	Gaeilgeoir	clay=0; ore=0; sheep=0; wheat=0; wood=0; unknown=0; knights=0; dev-cards=0		evening	 	 
2	21:58:56:136	Gaeilgeoir	clay=0; ore=0; sheep=0; wheat=0; wood=0; unknown=0; knights=0; dev-cards=0		indeed.	 	 
3	21:59:03:155	Gaeilgeoir	clay=0; ore=0; sheep=0; wheat=0; wood=0; unknown=0; knights=0; dev-cards=0		hopefully I can net my first win	 	 
4	21:59:15:168	Gaeilgeoir	clay=0; ore=0; sheep=0; wheat=0; wood=0; unknown=0; knights=0; dev-cards=0		you must be doing pretty well?	 	 
5	22:00:15:354	inca	clay=0; ore=0; sheep=0; wheat=0; wood=0; unknown=0; knights=0; dev-cards=0		i think it's between me and kieran for the extravagant prize, not sure exactly how it works though	 	 
6	22:00:53:349	Gaeilgeoir	clay=0; ore=0; sheep=0; wheat=0; wood=0; unknown=0; knights=0; dev-cards=0		best of luck so	 	 
7	22:00:58:133	Gaeilgeoir	clay=0; ore=0; sheep=0; wheat=0; wood=0; unknown=0; knights=0; dev-cards=0		£20, is it?	 	 
8	22:01:01:321	inca	clay=0; ore=0; sheep=0; wheat=0; wood=0; unknown=0; knights=0; dev-cards=0		cheers	 	 
9	22:01:03:327	inca	clay=0; ore=0; sheep=0; wheat=0; wood=0; unknown=0; knights=0; dev-cards=0		yep	 	 
10	22:01:10:842	inca	clay=0; ore=0; sheep=0; wheat=0; wood=0; unknown=0; knights=0; dev-cards=0		would be quite nice	 	 
11	22:01:58:387	inca	clay=0; ore=0; sheep=0; wheat=0; wood=0; unknown=0; knights=0; dev-cards=0		if you win, we'll all have had a win	 	 
12	22:02:01:392	inca	clay=0; ore=0; sheep=0; wheat=0; wood=0; unknown=0; knights=0; dev-cards=0		that would be a nice ending	 	 
13	22:02:18:978	Gaeilgeoir	clay=0; ore=0; sheep=0; wheat=0; wood=0; unknown=0; knights=0; dev-cards=0		indeed. what's happened to carina lately?	 	 
14	22:04:01:199	inca	clay=0; ore=0; sheep=0; wheat=0; wood=0; unknown=0; knights=0; dev-cards=0		not sure, a few weeks ago she said she was away travelling somewhere, and that we could play without	 	 
15	22:04:06:800	inca	clay=0; ore=0; sheep=0; wheat=0; wood=0; unknown=0; knights=0; dev-cards=0		haven't heard from her  since	 	 
16	22:04:16:498	inca	clay=0; ore=0; sheep=0; wheat=0; wood=0; unknown=0; knights=0; dev-cards=0		*without her if necessary	 	 
17	22:04:41:216	Gaeilgeoir	clay=0; ore=0; sheep=0; wheat=0; wood=0; unknown=0; knights=0; dev-cards=0		ok, fair enough.	 	 
18	22:04:45:553	Gaeilgeoir	clay=0; ore=0; sheep=0; wheat=0; wood=0; unknown=0; knights=0; dev-cards=0		elusive German :P	 	 
19	22:04:52:858	inca	clay=0; ore=0; sheep=0; wheat=0; wood=0; unknown=0; knights=0; dev-cards=0		haha, indeed	 	 
20	22:04:56:006	Gaeilgeoir	clay=0; ore=0; sheep=0; wheat=0; wood=0; unknown=0; knights=0; dev-cards=0		http://www.youtube.com/watch?v=aGSKrC7dGcY	 	 
21	22:04:57:987	Gaeilgeoir	clay=0; ore=0; sheep=0; wheat=0; wood=0; unknown=0; knights=0; dev-cards=0		tune	 	 
22	22:06:51:084	inca	clay=0; ore=0; sheep=0; wheat=0; wood=0; unknown=0; knights=0; dev-cards=0		like it	 	 
23	22:06:56:724	inca	clay=0; ore=0; sheep=0; wheat=0; wood=0; unknown=0; knights=0; dev-cards=0		think i'll play it throughout the game	 	 
24	22:07:12:751	Gaeilgeoir	clay=0; ore=0; sheep=0; wheat=0; wood=0; unknown=0; knights=0; dev-cards=0		haha, nice.	 	 
25	22:07:43:166	Gaeilgeoir	clay=0; ore=0; sheep=0; wheat=0; wood=0; unknown=0; knights=0; dev-cards=0		I'm a bit weird when it comes to music. most of my favourite artists are from the 80's/90's	 	 
26	22:08:41:708	inca	clay=0; ore=0; sheep=0; wheat=0; wood=0; unknown=0; knights=0; dev-cards=0		heh that's not too weird really, music's taken a bad turn recently	 	 
27	22:09:02:242	Gaeilgeoir	clay=0; ore=0; sheep=0; wheat=0; wood=0; unknown=0; knights=0; dev-cards=0		very true	 	 
28	22:10:04:736	inca	clay=0; ore=0; sheep=0; wheat=0; wood=0; unknown=0; knights=0; dev-cards=0		i'm sort of a classical musician, but i respect popular music from the time in which it was actually	 	 
29	22:10:11:887	inca	clay=0; ore=0; sheep=0; wheat=0; wood=0; unknown=0; knights=0; dev-cards=0		*actually musical	 	 
30	22:11:24:739	Gaeilgeoir	clay=0; ore=0; sheep=0; wheat=0; wood=0; unknown=0; knights=0; dev-cards=0		What do you play? I play some piano	 	 
31	22:12:03:322	inca	clay=0; ore=0; sheep=0; wheat=0; wood=0; unknown=0; knights=0; dev-cards=0		cool, i play trumpet	 	 
32	22:12:06:757	inca	clay=0; ore=0; sheep=0; wheat=0; wood=0; unknown=0; knights=0; dev-cards=0		and piano very poorly	 	 
33	22:12:19:512	inca	clay=0; ore=0; sheep=0; wheat=0; wood=0; unknown=0; knights=0; dev-cards=0		what level are you?	 	 
34	22:12:43:998	Gaeilgeoir	clay=0; ore=0; sheep=0; wheat=0; wood=0; unknown=0; knights=0; dev-cards=0		quite mediocre. Grade 5 or 6.	 	 
35	22:12:52:666	Gaeilgeoir	clay=0; ore=0; sheep=0; wheat=0; wood=0; unknown=0; knights=0; dev-cards=0		I enjoy it though	 	 
36	22:12:59:383	Gaeilgeoir	clay=0; ore=0; sheep=0; wheat=0; wood=0; unknown=0; knights=0; dev-cards=0		Trumpet sounds great though.	 	 
37	22:13:24:155	inca	clay=0; ore=0; sheep=0; wheat=0; wood=0; unknown=0; knights=0; dev-cards=0		nice, no shame in that all	 	 
38	22:13:54:039	inca	clay=0; ore=0; sheep=0; wheat=0; wood=0; unknown=0; knights=0; dev-cards=0		enough to impress people	 	 
39	22:13:57:797	inca	clay=0; ore=0; sheep=0; wheat=0; wood=0; unknown=0; knights=0; dev-cards=0		and yeah trumpet's great fun	 	 
40	22:14:18:046	Gaeilgeoir	clay=0; ore=0; sheep=0; wheat=0; wood=0; unknown=0; knights=0; dev-cards=0		one more tune for you	 	 
41	22:14:20:150	Gaeilgeoir	clay=0; ore=0; sheep=0; wheat=0; wood=0; unknown=0; knights=0; dev-cards=0		http://www.youtube.com/watch?v=xwtdhWltSIg\&feature=related	 	 
42	22:14:35:035	Gaeilgeoir	clay=0; ore=0; sheep=0; wheat=0; wood=0; unknown=0; knights=0; dev-cards=0		what classical composers do you like?	 	 
43	22:15:10:637	inca	clay=0; ore=0; sheep=0; wheat=0; wood=0; unknown=0; knights=0; dev-cards=0		haha i like this, we played an arrangement of this in my brass band this year	 	 
44	22:16:02:272	Gaeilgeoir	clay=0; ore=0; sheep=0; wheat=0; wood=0; unknown=0; knights=0; dev-cards=0		sweet. any chance that's on youtube?	 	 
45	22:17:27:607	inca	clay=0; ore=0; sheep=0; wheat=0; wood=0; unknown=0; knights=0; dev-cards=0		can't find it sadly	 	 
46	22:18:03:113	inca	clay=0; ore=0; sheep=0; wheat=0; wood=0; unknown=0; knights=0; dev-cards=0		i mostly like late romantic /20th century composers, my favourite is shostakovich	 	 
47	22:18:11:857	inca	clay=0; ore=0; sheep=0; wheat=0; wood=0; unknown=0; knights=0; dev-cards=0		how about you?	 	 
48	22:20:45:688	Gaeilgeoir	clay=0; ore=0; sheep=0; wheat=0; wood=0; unknown=0; knights=0; dev-cards=0		Most German/Austrian composers from the 18th/19th centuries.	 	 
49	22:21:05:002	Gaeilgeoir	clay=0; ore=0; sheep=0; wheat=0; wood=0; unknown=0; knights=0; dev-cards=0		I particularly like Wagner and Bach.	 	 
50	22:21:19:627	Gaeilgeoir	clay=0; ore=0; sheep=0; wheat=0; wood=0; unknown=0; knights=0; dev-cards=0		Rachmaninov also has some beautiful piano works	 	 
51	22:21:55:035	Gaeilgeoir	clay=0; ore=0; sheep=0; wheat=0; wood=0; unknown=0; knights=0; dev-cards=0		And Sibelius. I like him too. There are too many. :P	 	 
52	22:23:02:730	inca	clay=0; ore=0; sheep=0; wheat=0; wood=0; unknown=0; knights=0; dev-cards=0		haha nice, yeah wagner's awesome	 	 
53	22:23:24:945	inca	clay=0; ore=0; sheep=0; wheat=0; wood=0; unknown=0; knights=0; dev-cards=0		particularly for a brass player	 	 
54	22:23:40:040	Gaeilgeoir	clay=0; ore=0; sheep=0; wheat=0; wood=0; unknown=0; knights=0; dev-cards=0		yep.	 	 
55	22:24:38:161	Gaeilgeoir	clay=0; ore=0; sheep=0; wheat=0; wood=0; unknown=0; knights=0; dev-cards=0		I don't know if you know John Field. He was an Irish composer so I'm quite proud of him too. Some gr	 	 
56	22:24:46:277	Gaeilgeoir	clay=0; ore=0; sheep=0; wheat=0; wood=0; unknown=0; knights=0; dev-cards=0		Some great piano work	 	 
57	22:25:23:966	inca	clay=0; ore=0; sheep=0; wheat=0; wood=0; unknown=0; knights=0; dev-cards=0		ah, no i haven't heard of him	 	 
58	22:25:52:589	Gaeilgeoir	clay=0; ore=0; sheep=0; wheat=0; wood=0; unknown=0; knights=0; dev-cards=0		doesn't look like Kieran's coming	 	 
59	22:26:55:152	inca	clay=0; ore=0; sheep=0; wheat=0; wood=0; unknown=0; knights=0; dev-cards=0		indeed, that's a problem	 	 
60	22:27:07:990	Gaeilgeoir	clay=0; ore=0; sheep=0; wheat=0; wood=0; unknown=0; knights=0; dev-cards=0		any response from him at all?	 	 
61	22:27:39:511	inca	clay=0; ore=0; sheep=0; wheat=0; wood=0; unknown=0; knights=0; dev-cards=0		i'll send an e-mail just on the off-chance he's online but forgotten	 	 
62	22:27:49:800	inca	clay=0; ore=0; sheep=0; wheat=0; wood=0; unknown=0; knights=0; dev-cards=0		he definitely said he could play before	 	 
63	22:28:51:993	inca	clay=0; ore=0; sheep=0; wheat=0; wood=0; unknown=0; knights=0; dev-cards=0		if we can't do it tonight, our last hope really is that we can play it on wednesday	 	 
64	22:28:58:447	inca	clay=0; ore=0; sheep=0; wheat=0; wood=0; unknown=0; knights=0; dev-cards=0		if we're allowed to	 	 
65	22:29:18:710	Gaeilgeoir	clay=0; ore=0; sheep=0; wheat=0; wood=0; unknown=0; knights=0; dev-cards=0		unfortunately, I won't be able.	 	 
66	22:29:25:664	inca	clay=0; ore=0; sheep=0; wheat=0; wood=0; unknown=0; knights=0; dev-cards=0		ah	 	 
67	22:29:30:291	Gaeilgeoir	clay=0; ore=0; sheep=0; wheat=0; wood=0; unknown=0; knights=0; dev-cards=0		But if you want to do so, please go ahead. As I said, I don't mind at this stage	 	 
68	22:30:00:977	inca	clay=0; ore=0; sheep=0; wheat=0; wood=0; unknown=0; knights=0; dev-cards=0		well it would be a shame to exclude you, since you showed up today and all	 	 
69	22:31:25:591	Gaeilgeoir	clay=0; ore=0; sheep=0; wheat=0; wood=0; unknown=0; knights=0; dev-cards=0		ah god, I'd be online anyway, trust me.	 	 
70	22:31:25:976	inca	clay=0; ore=0; sheep=0; wheat=0; wood=0; unknown=0; knights=0; dev-cards=0		to be honest i think the fairest thing would be for us to play it now without him	 	 
71	22:31:32:794	Gaeilgeoir	clay=0; ore=0; sheep=0; wheat=0; wood=0; unknown=0; knights=0; dev-cards=0		I have six windows open at once here	 	 
72	22:31:44:036	Gaeilgeoir	clay=0; ore=0; sheep=0; wheat=0; wood=0; unknown=0; knights=0; dev-cards=0		well, we can start.	 	 
73	22:31:48:784	Gaeilgeoir	clay=0; ore=0; sheep=0; wheat=0; wood=0; unknown=0; knights=0; dev-cards=0		if he comes, we can restart.	 	 
74	22:32:12:357	inca	clay=0; ore=0; sheep=0; wheat=0; wood=0; unknown=0; knights=0; dev-cards=0		yep, that sounds fair	 	 
75	22:32:22:255	inca	clay=0; ore=0; sheep=0; wheat=0; wood=0; unknown=0; knights=0; dev-cards=0		OK, good luck	 	 
76	22:32:25:883	Gaeilgeoir	clay=0; ore=0; sheep=0; wheat=0; wood=0; unknown=0; knights=0; dev-cards=0		you too	 	 
77	22:32:26:581	Gaeilgeoir	clay=0; ore=0; sheep=0; wheat=0; wood=0; unknown=0; knights=0; dev-cards=0		:)	
78	22:32:30:971	Server	 		inca built a settlement.	 	 
79	22:32:36:041	Server	 		inca built a road.	 	 
80	22:32:46:776	Server	 		Gaeilgeoir built a settlement.	 	 
81	22:32:51:169	Server	 		Gaeilgeoir built a road.	 	 
82	22:33:17:352	Server	 		Gaeilgeoir built a settlement.	 	 
83	22:33:20:096	Server	 		Gaeilgeoir built a road.	 	 
84	22:33:35:913	Server	 		inca built a settlement.	 	 
85	22:33:38:669	Server	 		inca built a road.	 	 
86	22:33:40:828	Server	 		inca rolled a 2 and a 4.	 	 
87	22:33:40:828	Server	 		Gaeilgeoir gets 1 ore. inca gets 1 ore.	 	 
88	22:33:48:504	Server	 		Gaeilgeoir rolled a 1 and a 4.	 	 
89	22:33:48:504	Server	 		Gaeilgeoir gets 1 clay. inca gets 1 clay.	 	 
90	22:34:04:215	Server	 		Gaeilgeoir built a road.	 	 
91	22:34:09:251	Server	 		inca rolled a 2 and a 1.	 	 
92	22:34:09:251	Server	 		inca gets 1 ore.	 	 
93	22:34:24:003	Server	 		Gaeilgeoir rolled a 5 and a 4.	 	 
94	22:34:24:003	Server	 		Gaeilgeoir gets 1 clay, 1 wood.	 	 
95	22:34:29:308	Server	 		Gaeilgeoir built a road.	 	 
96	22:34:55:295	Server	 		inca rolled a 6 and a 4.	 	 
97	22:34:55:296	Server	 		inca gets 1 wood.	 	 
98	22:35:00:894	Server	 		inca built a road.	 	 
99	22:35:05:844	Server	 		Gaeilgeoir rolled a 3 and a 3.	 	 
100	22:35:05:845	Server	 		Gaeilgeoir gets 1 ore. inca gets 1 ore.	 	 
101	22:35:18:713	Server	 		inca rolled a 3 and a 4.	 	 
102	22:35:43:646	Server	 		inca traded 4 ore for 1 clay from the bank.	 	 
103	22:35:47:552	Server	 		Gaeilgeoir rolled a 2 and a 3.	 	 
104	22:35:47:552	Server	 		Gaeilgeoir gets 1 clay. inca gets 1 clay.	 	 
105	22:36:11:632	Server	 		inca rolled a 4 and a 5.	 	 
106	22:36:11:632	Server	 		Gaeilgeoir gets 1 clay.	 	 
107	22:36:17:126	Server	 		Gaeilgeoir rolled a 2 and a 1.	 	 
108	22:36:17:126	Server	 		inca gets 1 ore.	 	 
109	22:36:26:082	Server	 		inca rolled a 3 and a 4.	 	 
110	22:36:41:554	Server	 		Gaeilgeoir rolled a 2 and a 3.	 	 
111	22:36:41:554	Server	 		Gaeilgeoir gets 1 clay. inca gets 1 clay.	 	 
112	22:36:48:413	Server	 		inca rolled a 5 and a 5.	 	 
113	22:36:48:414	Server	 		inca gets 1 wood.	 	 
114	22:37:12:254	inca	clay=4; ore=3; sheep=0; wheat=1; wood=1; unknown=0; knights=0; dev-cards=0	roads=[139,69; 69,156]; settlements=[139,86]	got sheep by any chance? i can give clay or ore	 	 
115	22:37:18:796	Gaeilgeoir	clay=2; ore=0; sheep=0; wheat=0; wood=0; unknown=0; knights=0; dev-cards=0	roads=[104,136; 136,120; 120,88]; settlements=[105,152]	sorry, I've only clay	 	 
116	22:37:22:882	inca	clay=4; ore=3; sheep=0; wheat=1; wood=1; unknown=0; knights=0; dev-cards=0	roads=[139,69; 69,156]; settlements=[139,86]	no worries	 	 
117	22:37:25:932	Server	 		Gaeilgeoir rolled a 1 and a 4.	 	 
118	22:37:25:932	Server	 		Gaeilgeoir gets 1 clay. inca gets 1 clay.	 	 
119	22:37:31:962	Gaeilgeoir	clay=3; ore=0; sheep=0; wheat=0; wood=0; unknown=0; knights=0; dev-cards=0	roads=[104,136; 136,120; 120,88]; settlements=[105,152]	damn, more clay	 	 
120	22:37:39:247	Server	 		inca rolled a 4 and a 3.	 	 
121	22:38:11:199	Server	 		Gaeilgeoir rolled a 2 and a 1.	 	 
122	22:38:11:199	Server	 		inca gets 1 ore.	 	 
123	22:38:17:958	Server	 		inca rolled a 2 and a 4.	 	 
124	22:38:17:959	Server	 		Gaeilgeoir gets 1 ore. inca gets 1 ore.	 	 
125	22:38:26:376	Server	 		inca traded 4 ore for 1 sheep from the bank.	 	 
126	22:38:31:093	Server	 		inca built a settlement.	 	 
127	22:38:39:032	Server	 		Gaeilgeoir rolled a 5 and a 2.	 	 
128	22:39:00:213	Server	 		inca rolled a 4 and a 6.	 	 
129	22:39:00:213	Server	 		inca gets 1 wood.	 	 
130	22:39:05:388	Server	 		Gaeilgeoir rolled a 2 and a 2.	 	 
131	22:39:05:389	Server	 		Gaeilgeoir gets 1 wheat.	 	 
132	22:39:29:549	Gaeilgeoir	clay=3; ore=1; sheep=0; wheat=1; wood=0; unknown=0; knights=0; dev-cards=0	roads=[104,136; 136,120; 120,88]; settlements=[105,152]	you've only one resource, is it sheep or wood?	 	 
133	22:39:33:813	Gaeilgeoir	clay=3; ore=1; sheep=0; wheat=1; wood=0; unknown=0; knights=0; dev-cards=0	roads=[104,136; 136,120; 120,88]; settlements=[105,152]	by any chance	 	 
134	22:39:38:256	inca	clay=0; ore=0; sheep=0; wheat=0; wood=1; unknown=0; knights=0; dev-cards=0	roads=[139,69; 69,156]; settlements=[139,86; 86,173]	you're in luck, it's wood	 	 
135	22:39:47:703	Gaeilgeoir	clay=3; ore=1; sheep=0; wheat=1; wood=0; unknown=0; knights=0; dev-cards=0	roads=[104,136; 136,120; 120,88]; settlements=[105,152]	want clay?	 	 
136	22:39:50:298	inca	clay=0; ore=0; sheep=0; wheat=0; wood=1; unknown=0; knights=0; dev-cards=0	roads=[139,69; 69,156]; settlements=[139,86; 86,173]	sure	 	 
137	22:39:57:910	Server	 		Gaeilgeoir made an offer to trade 1 clay for 1 wood.	 	 
138	22:40:00:180	Server	 		Gaeilgeoir traded 1 clay for 1 wood from inca.	 	 
139	22:40:02:093	Gaeilgeoir	clay=2; ore=1; sheep=0; wheat=1; wood=1; unknown=0; knights=0; dev-cards=0	roads=[104,136; 136,120; 120,88]; settlements=[105,152]	thank you	 	 
140	22:40:04:897	inca	clay=1; ore=0; sheep=0; wheat=0; wood=0; unknown=0; knights=0; dev-cards=0	roads=[139,69; 69,156]; settlements=[139,86; 86,173]	you too	 	 
141	22:40:07:797	Server	 		Gaeilgeoir built a road.	 	 
142	22:40:11:759	Server	 		inca rolled a 1 and a 3.	 	 
143	22:40:11:759	Server	 		Gaeilgeoir gets 1 wheat.	 	 
144	22:40:20:006	Server	 		Gaeilgeoir rolled a 1 and a 4.	 	 
145	22:40:20:006	Server	 		Gaeilgeoir gets 1 clay. inca gets 1 clay.	 	 
146	22:40:34:306	Server	 		inca rolled a 6 and a 3.	 	 
147	22:40:34:306	Server	 		Gaeilgeoir gets 1 clay, 1 wood.	 	 
148	22:40:40:584	Server	 		Gaeilgeoir rolled a 2 and a 3.	 	 
149	22:40:40:584	Server	 		Gaeilgeoir gets 1 clay. inca gets 1 clay.	 	 
150	22:40:48:691	Server	 		Gaeilgeoir built a road.	 	 
151	22:40:56:678	Server	 		inca rolled a 6 and a 4.	 	 
152	22:40:56:678	Server	 		inca gets 1 wood.	 	 
153	22:41:10:120	Server	 		inca built a road.	 	 
154	22:41:15:540	Server	 		Gaeilgeoir rolled a 2 and a 6.	 	 
155	22:41:15:540	Server	 		inca gets 2 sheep.	 	 
156	22:41:31:420	Gaeilgeoir	clay=3; ore=1; sheep=0; wheat=2; wood=0; unknown=0; knights=0; dev-cards=0	roads=[104,136; 136,120; 120,88; 88,72; 72,56]; settlements=[105,152]	I can give clay or wheat for a sheep?	 	 
157	22:41:39:421	inca	clay=2; ore=0; sheep=2; wheat=0; wood=0; unknown=0; knights=0; dev-cards=0	roads=[139,69; 69,156; 156,122]; settlements=[139,86; 86,173]	wheat would be good	 	 
158	22:41:44:726	Server	 		Gaeilgeoir made an offer to trade 1 wheat for 1 sheep.	 	 
159	22:41:47:076	Server	 		Gaeilgeoir traded 1 wheat for 1 sheep from inca.	 	 
160	22:41:49:337	inca	clay=2; ore=0; sheep=1; wheat=1; wood=0; unknown=0; knights=0; dev-cards=0	roads=[139,69; 69,156; 156,122]; settlements=[139,86; 86,173]	cheers	 	 
161	22:41:49:742	Gaeilgeoir	clay=3; ore=1; sheep=1; wheat=1; wood=0; unknown=0; knights=0; dev-cards=0	roads=[104,136; 136,120; 120,88; 88,72; 72,56]; settlements=[105,152]	thank you again	 	 
162	22:41:57:393	Server	 		inca rolled a 1 and a 4.	 	 
163	22:41:57:393	Server	 		Gaeilgeoir gets 1 clay. inca gets 1 clay.	 	 
164	22:42:14:709	Server	 		Gaeilgeoir rolled a 5 and a 5.	 	 
165	22:42:14:709	Server	 		inca gets 1 wood.	 	 
166	22:42:24:065	Server	 		inca rolled a 5 and a 3.	 	 
167	22:42:24:065	Server	 		No player gets anything.	 	 
168	22:42:30:428	Server	 		inca built a road.	 	 
169	22:42:37:258	Server	 		Gaeilgeoir rolled a 3 and a 4.	 	 
170	22:43:07:000	Gaeilgeoir	clay=4; ore=0; sheep=1; wheat=1; wood=0; unknown=0; knights=1; dev-cards=0	roads=[104,136; 136,120; 120,88; 88,72; 72,56]; settlements=[105,152]	got any wood? I have clay	 	 
171	22:43:16:098	inca	clay=2; ore=0; sheep=0; wheat=0; wood=0; unknown=0; knights=0; dev-cards=0	roads=[139,69; 69,156; 156,122; 122,106]; settlements=[139,86; 86,173]	sorry, i have nothing but clay	 	 
172	22:43:23:329	Gaeilgeoir	clay=4; ore=0; sheep=1; wheat=1; wood=0; unknown=0; knights=1; dev-cards=0	roads=[104,136; 136,120; 120,88; 88,72; 72,56]; settlements=[105,152]	np	 	 
173	22:43:34:317	Server	 		Gaeilgeoir traded 4 clay for 1 ore from the bank.	 	 
174	22:43:42:331	inca	clay=2; ore=0; sheep=0; wheat=0; wood=0; unknown=0; knights=0; dev-cards=0	roads=[139,69; 69,156; 156,122; 122,106]; settlements=[139,86; 86,173]	usually we're all desperately wanting clay	 	 
175	22:43:44:152	Server	 		inca rolled a 3 and a 6.	 	 
176	22:43:44:153	Server	 		Gaeilgeoir gets 1 clay, 1 wood.	 	 
177	22:43:47:298	Gaeilgeoir	clay=1; ore=0; sheep=0; wheat=0; wood=1; unknown=0; knights=1; dev-cards=1	roads=[104,136; 136,120; 120,88; 88,72; 72,56]; settlements=[105,152]	so true	 	 
178	22:44:00:072	Server	 		Gaeilgeoir rolled a 1 and a 6.	 	 
179	22:44:12:904	Gaeilgeoir	clay=3; ore=0; sheep=0; wheat=0; wood=1; unknown=0; knights=2; dev-cards=0	roads=[104,136; 136,120; 120,88; 88,72; 72,56]; settlements=[105,152]	sorry, nobody else to steal from...	 	 
180	22:44:18:204	inca	clay=0; ore=0; sheep=0; wheat=0; wood=0; unknown=0; knights=0; dev-cards=0	roads=[139,69; 69,156; 156,122; 122,106]; settlements=[139,86; 86,173]	haha, i understand	 	 
181	22:44:22:984	Server	 		Gaeilgeoir built a road.	 	 
182	22:44:28:280	Server	 		inca rolled a 3 and a 4.	 	 
183	22:44:43:182	Server	 		Gaeilgeoir rolled a 3 and a 2.	 	 
184	22:44:43:183	Server	 		Gaeilgeoir gets 1 clay. inca gets 1 clay.	 	 
185	22:44:49:953	Server	 		inca rolled a 6 and a 6.	 	 
186	22:44:49:953	Server	 		No player gets anything.	 	 
187	22:44:56:194	Server	 		Gaeilgeoir rolled a 6 and a 3.	 	 
188	22:44:56:194	Server	 		Gaeilgeoir gets 1 clay.	 	 
189	22:45:02:574	Server	 		inca rolled a 5 and a 1.	 	 
190	22:45:02:575	Server	 		Gaeilgeoir gets 1 ore. inca gets 1 ore.	 	 
191	22:45:04:382	Gaeilgeoir	clay=3; ore=1; sheep=0; wheat=0; wood=0; unknown=0; knights=2; dev-cards=0	roads=[104,136; 136,120; 120,88; 88,72; 72,56; 56,39]; settlements=[105,152]	enough clay already!!	 	 
192	22:45:10:567	Gaeilgeoir	clay=3; ore=1; sheep=0; wheat=0; wood=0; unknown=0; knights=2; dev-cards=0	roads=[104,136; 136,120; 120,88; 88,72; 72,56; 56,39]; settlements=[105,152]	ooh, ore, thank you	 	 
193	22:45:12:700	Server	 		Gaeilgeoir rolled a 2 and a 5.	 	 
194	22:45:22:714	Server	 		inca rolled a 2 and a 4.	 	 
195	22:45:22:715	Server	 		Gaeilgeoir gets 1 ore. inca gets 1 ore.	 	 
196	22:45:32:894	Server	 		Gaeilgeoir rolled a 5 and a 1.	 	 
197	22:45:32:894	Server	 		Gaeilgeoir gets 1 ore. inca gets 1 ore.	 	 
198	22:45:46:716	inca	clay=1; ore=3; sheep=0; wheat=0; wood=0; unknown=0; knights=0; dev-cards=0	roads=[139,69; 69,156; 156,122; 122,106]; settlements=[139,86; 86,173]	the novely of ore is fast wearing off	 	 
199	22:45:55:202	Gaeilgeoir	clay=4; ore=3; sheep=0; wheat=0; wood=0; unknown=0; knights=2; dev-cards=0	roads=[104,136; 136,120; 120,88; 88,72; 72,56; 56,39]; settlements=[105,152]	haha	 	 
200	22:46:14:323	Server	 		Gaeilgeoir traded 4 clay for 1 wheat from the bank.	 	 
201	22:46:19:548	Server	 		inca rolled a 3 and a 2.	 	 
202	22:46:19:548	Server	 		Gaeilgeoir gets 1 clay. inca gets 1 clay.	 	 
203	22:46:24:968	Server	 		Gaeilgeoir rolled a 3 and a 5.	 	 
204	22:46:24:968	Server	 		inca gets 2 sheep.	 	 
205	22:46:37:756	Server	 		inca rolled a 3 and a 3.	 	 
206	22:46:37:756	Server	 		Gaeilgeoir gets 1 ore. inca gets 1 ore.	 
207	22:46:46:080	inca	clay=2; ore=4; sheep=2; wheat=0; wood=0; unknown=0; knights=0; dev-cards=0	roads=[139,69; 69,156; 156,122; 122,106]; settlements=[139,86; 86,173]	do you have any wheat or wood? i can give anything else	 	 
208	22:46:59:854	Gaeilgeoir	clay=1; ore=4; sheep=0; wheat=1; wood=0; unknown=0; knights=2; dev-cards=0	roads=[104,136; 136,120; 120,88; 88,72; 72,56; 56,39]; settlements=[105,152]	Sorry :(	 	 
209	22:47:05:958	Server	 		Gaeilgeoir rolled a 6 and a 5.	 	 
210	22:47:05:959	Server	 		Gaeilgeoir gets 1 sheep. inca gets 1 wheat.	 	 
211	22:47:17:441	Server	 		inca rolled a 1 and a 6.	 	 
212	22:47:56:280	Server	 		Gaeilgeoir rolled a 3 and a 5.	 	 
213	22:47:56:280	Server	 		inca gets 2 sheep.	 	 
214	22:48:03:935	Server	 		inca rolled a 2 and a 4.	 	 
215	22:48:03:935	Server	 		Gaeilgeoir gets 1 ore. inca gets 1 ore.	 	 
216	22:48:12:029	Server	 		Gaeilgeoir rolled a 6 and a 1.	 	 
217	22:48:25:041	Server	 		inca rolled a 4 and a 3.	 	 
218	22:48:45:761	Server	 		Gaeilgeoir rolled a 5 and a 4.	 	 
219	22:48:45:761	Server	 		Gaeilgeoir gets 1 clay.	 	 
220	22:48:56:246	Server	 		inca rolled a 2 and a 5.	 	 
221	22:49:09:622	Server	 		Gaeilgeoir rolled a 3 and a 2.	 	 
222	22:49:09:622	Server	 		Gaeilgeoir gets 1 clay. inca gets 1 clay.	 	 
223	22:49:18:262	Server	 		inca rolled a 3 and a 1.	 	 
224	22:49:18:262	Server	 		Gaeilgeoir gets 1 wheat.	 	 
225	22:49:36:545	Server	 		Gaeilgeoir rolled a 1 and a 4.	 	 
226	22:49:36:545	Server	 		Gaeilgeoir gets 1 clay. inca gets 1 clay.	 	 
227	22:49:54:065	Server	 		Gaeilgeoir traded 4 clay for 1 sheep from the bank.	 	 
228	22:50:14:690	Server	 		inca rolled a 5 and a 6.	 	 
229	22:50:14:690	Server	 		Gaeilgeoir gets 1 sheep. inca gets 1 wheat.	 	 
230	22:50:28:291	Server	 		Gaeilgeoir built a road.	 	 
231	22:50:29:758	Server	 		Gaeilgeoir built a road.	 	 
232	22:50:32:364	Server	 		Gaeilgeoir rolled a 2 and a 4.	 	 
233	22:50:32:365	Server	 		Gaeilgeoir gets 1 ore. inca gets 1 ore.	 	 
234	22:50:41:256	Gaeilgeoir	clay=0; ore=3; sheep=1; wheat=0; wood=0; unknown=0; knights=3; dev-cards=0	roads=[104,136; 136,120; 120,88; 88,72; 72,56; 56,39; 39,38; 38,54]; settlements=[105,152]	have you any wheat?	 	 
235	22:50:47:127	inca	clay=3; ore=2; sheep=2; wheat=0; wood=0; unknown=0; knights=0; dev-cards=2	roads=[139,69; 69,156; 156,122; 122,106]; settlements=[139,86; 86,173]	fraid not	 	 
236	22:50:53:458	Server	 		inca rolled a 5 and a 6.	 	 
237	22:50:53:458	Server	 		Gaeilgeoir gets 1 sheep. inca gets 1 wheat.	 	 
238	22:51:07:975	inca	clay=3; ore=2; sheep=2; wheat=1; wood=0; unknown=0; knights=0; dev-cards=2	roads=[139,69; 69,156; 156,122; 122,106]; settlements=[139,86; 86,173]	oh now i do, do you have wood?	 	 
239	22:51:16:490	Gaeilgeoir	clay=0; ore=3; sheep=2; wheat=0; wood=0; unknown=0; knights=3; dev-cards=0	roads=[104,136; 136,120; 120,88; 88,72; 72,56; 56,39; 39,38; 38,54]; settlements=[105,152]	sorry, I don't. :(	 	 
240	22:51:20:590	inca	clay=3; ore=2; sheep=2; wheat=1; wood=0; unknown=0; knights=0; dev-cards=2	roads=[139,69; 69,156; 156,122; 122,106]; settlements=[139,86; 86,173]	no worries	 	 
241	22:51:26:510	Gaeilgeoir	clay=0; ore=3; sheep=2; wheat=0; wood=0; unknown=0; knights=3; dev-cards=0	roads=[104,136; 136,120; 120,88; 88,72; 72,56; 56,39; 39,38; 38,54]; settlements=[105,152]	ore and sheep are all I have	 	 
242	22:51:28:207	Server	 		Gaeilgeoir rolled a 2 and a 1.	 	 
243	22:51:28:208	Server	 		inca gets 1 ore.	 	 
244	22:51:46:005	Server	 		inca rolled a 3 and a 5.	 	 
245	22:51:46:006	Server	 		inca gets 2 sheep.	 	 
246	22:51:59:564	Server	 		Gaeilgeoir rolled a 3 and a 5.	 	 
247	22:51:59:565	Server	 		inca gets 2 sheep.	 	 
248	22:52:06:037	Server	 		inca rolled a 2 and a 2.	 	 
249	22:52:06:038	Server	 		Gaeilgeoir gets 1 wheat.	 	 
250	22:52:12:266	Server	 		inca traded 3 sheep for 1 wood from a port.	 	 
251	22:52:18:389	Server	 		Gaeilgeoir rolled a 5 and a 4.	 	 
252	22:52:18:390	Server	 		Gaeilgeoir gets 1 wood.	 	 
253	22:52:29:533	Gaeilgeoir	clay=0; ore=3; sheep=2; wheat=1; wood=1; unknown=0; knights=3; dev-cards=0	roads=[104,136; 136,120; 120,88; 88,72; 72,56; 56,39; 39,38; 38,54]; settlements=[105,152]	any clay? I can spare ore or sheep?	 	 
254	22:52:47:241	inca	clay=3; ore=2; sheep=2; wheat=0; wood=1; unknown=0; knights=0; dev-cards=3	roads=[139,69; 69,156; 156,122; 122,106]; settlements=[139,86; 86,173]	yep i've got clay, trade for ore?	 	 
255	22:52:54:955	Server	 		Gaeilgeoir made an offer to trade 1 ore for 1 clay.	 	 
256	22:52:56:952	Server	 		Gaeilgeoir traded 1 ore for 1 clay from inca.	 	 
257	22:52:57:607	Gaeilgeoir	clay=1; ore=2; sheep=2; wheat=1; wood=1; unknown=0; knights=3; dev-cards=0	roads=[104,136; 136,120; 120,88; 88,72; 72,56; 56,39; 39,38; 38,54]; settlements=[105,152]	thanks	 	 
258	22:53:00:671	inca	clay=2; ore=3; sheep=2; wheat=0; wood=1; unknown=0; knights=0; dev-cards=3	roads=[139,69; 69,156; 156,122; 122,106]; settlements=[139,86; 86,173]	and you	 	 
259	22:53:12:745	Server	 		Gaeilgeoir built a settlement.	 	 
260	22:53:20:215	Server	 		inca rolled a 6 and a 1.	 	 
261	22:53:49:339	Server	 		Gaeilgeoir rolled a 3 and a 6.	 	 
262	22:53:49:339	Server	 		Gaeilgeoir gets 1 clay, 1 wood.	 	 
263	22:54:02:062	Server	 		Gaeilgeoir built a road.	 	 
264	22:54:12:216	Server	 		inca rolled a 4 and a 5.	 	 
265	22:54:12:216	Server	 		Gaeilgeoir gets 1 clay, 1 wood.	 	 
266	22:54:20:043	Server	 		Gaeilgeoir rolled a 5 and a 2.	 	 
267	22:54:32:364	Gaeilgeoir	clay=1; ore=1; sheep=1; wheat=0; wood=2; unknown=0; knights=3; dev-cards=0	roads=[104,136; 136,120; 120,88; 88,72; 72,56; 56,39; 39,38; 38,54; 54,71]; settlements=[105,152; 152,56]	any wheat?	 	 
268	22:54:37:657	inca	clay=1; ore=2; sheep=1; wheat=0; wood=0; unknown=0; knights=0; dev-cards=3	roads=[139,69; 69,156; 156,122; 122,106]; settlements=[139,86; 86,173]	nope, sorry	 	 
269	22:54:57:247	Server	 		Gaeilgeoir built a road.	 	 
270	22:55:04:382	Server	 		inca rolled a 2 and a 2.	 	 
271	22:55:04:382	Server	 		Gaeilgeoir gets 1 wheat.	 	 
272	22:55:20:753	Server	 		Gaeilgeoir rolled a 4 and a 1.	 	 
273	22:55:20:753	Server	 		Gaeilgeoir gets 1 clay. inca gets 1 clay.	 	 
274	22:55:28:223	Server	 		inca rolled a 4 and a 1.	 	 
275	22:55:28:223	Server	 		Gaeilgeoir gets 1 clay. inca gets 1 clay.	 	 
276	22:55:38:966	Server	 		Gaeilgeoir rolled a 1 and a 5.	 	 
277	22:55:38:966	Server	 		Gaeilgeoir gets 1 ore. inca gets 1 ore.	 	 
278	22:55:47:706	Server	 		inca rolled a 6 and a 1.	 	 
279	22:56:06:372	Server	 		Gaeilgeoir rolled a 5 and a 1.	 	 
280	22:56:06:373	Server	 		Gaeilgeoir gets 1 ore. inca gets 1 ore.	 	 
281	22:56:17:970	Server	 		Gaeilgeoir traded 3 ore for 1 wheat from a port.	 	 
282	22:56:34:351	Server	 		Gaeilgeoir built a settlement.	 	 
283	22:56:40:651	Server	 		inca rolled a 4 and a 5.	 	 
284	22:56:40:652	Server	 		Gaeilgeoir gets 1 wood.	 	 
285	22:56:51:964	Server	 		Gaeilgeoir rolled a 5 and a 4.	 	 
286	22:56:51:964	Server	 		Gaeilgeoir gets 1 wood.	 	 
287	22:56:59:111	Server	 		inca rolled a 6 and a 6.	 	 
288	22:56:59:111	Server	 		Gaeilgeoir gets 2 clay.	 	 
289	22:57:05:753	Server	 		Gaeilgeoir rolled a 2 and a 5.	 	 
290	22:57:15:338	Server	 		Gaeilgeoir built a road.	 	 
291	22:57:26:739	Server	 		inca rolled a 6 and a 5.	 	 
292	22:57:26:739	Server	 		Gaeilgeoir gets 1 sheep, 1 wheat. inca gets 1 wheat.	 	 
293	22:57:35:938	Server	 		Gaeilgeoir rolled a 1 and a 4.	 	 
294	22:57:35:938	Server	 		Gaeilgeoir gets 1 clay. inca gets 1 clay.	 	 
295	22:57:42:358	Server	 		Gaeilgeoir built a settlement.	 	 
296	22:57:50:237	Server	 		inca rolled a 2 and a 2.	 	 
297	22:57:50:237	Server	 		Gaeilgeoir gets 2 wheat.	 	 
298	22:58:16:966	Server	 		Gaeilgeoir rolled a 4 and a 6.	 	 
299	22:58:16:966	Server	 		No player gets anything.	 	 
300	22:58:42:389	Server	 		inca rolled a 3 and a 4.	 	 
301	22:59:01:800	Server	 		inca traded 3 clay for 1 sheep from a port.	 	 
302	22:59:05:008	Server	 		inca built a settlement.	 	 
303	22:59:11:541	Server	 		Gaeilgeoir rolled a 2 and a 3.	 	 
304	22:59:11:541	Server	 		Gaeilgeoir gets 1 clay. inca gets 1 clay.	 	 
305	22:59:35:948	Server	 		Gaeilgeoir traded 3 wheat for 1 wood from a port.	 	 
306	22:59:49:142	Server	 		Gaeilgeoir built a road.	 	 
307	23:00:00:835	Server	 		inca rolled a 1 and a 1.	 	 
308	23:00:00:835	Server	 		No player gets anything.	 	 
309	23:00:11:871	Server	 		Gaeilgeoir rolled a 2 and a 3.	 	 
310	23:00:11:871	Server	 		Gaeilgeoir gets 1 clay. inca gets 1 clay.	 	 
311	23:00:18:331	Server	 		inca rolled a 1 and a 1.	 	 
312	23:00:18:331	Server	 		No player gets anything.	 	 
313	23:00:24:146	Server	 		Gaeilgeoir rolled a 2 and a 2.	 	 
314	23:00:24:146	Server	 		Gaeilgeoir gets 2 wheat.	 	 
315	23:00:33:803	Server	 		inca rolled a 4 and a 6.	 	 
316	23:00:33:803	Server	 		inca gets 2 wood.	 	 
317	23:00:57:360	Server	 		inca built a road.	 	 
318	23:01:07:577	Server	 		inca built a road.	 	 
319	23:01:21:127	Server	 		Gaeilgeoir rolled a 5 and a 3.	 	 
320	23:01:21:128	Server	 		inca gets 2 sheep.	 	 
321	23:01:39:653	Gaeilgeoir	clay=1; ore=0; sheep=0; wheat=2; wood=0; unknown=0; knights=3; dev-cards=0	roads=[104,136; 136,120; 120,88; 88,72; 72,56; 56,39; 39,38; 38,54; 54,71; 71,152; 152,169; 169,168]; settlements=[105,152; 152,56; 56,54; 54,186]	I can give a clay or wheat for sheep?	 	 
322	23:02:48:133	Server	 		inca rolled a 3 and a 4.	 	 
323	23:03:11:010	inca	clay=0; ore=1; sheep=2; wheat=1; wood=0; unknown=0; knights=1; dev-cards=2	roads=[139,69; 69,156; 156,122; 122,106; 106,172; 172,171]; settlements=[139,86; 86,173; 173,107]	haha, at the risk of being rude, i don't think i can afford to make any trades with you in this situ	 	 
324	23:03:14:371	inca	clay=0; ore=1; sheep=2; wheat=1; wood=0; unknown=0; knights=1; dev-cards=2	roads=[139,69; 69,156; 156,122; 122,106; 106,172; 172,171]; settlements=[139,86; 86,173; 173,107]	situation	 	 
325	23:03:23:723	Gaeilgeoir	clay=1; ore=0; sheep=0; wheat=1; wood=0; unknown=0; knights=3; dev-cards=0	roads=[104,136; 136,120; 120,88; 88,72; 72,56; 56,39; 39,38; 38,54; 54,71; 71,152; 152,169; 169,168]; settlements=[105,152; 152,56; 56,54; 54,186]	I thought so. That's no problem, my man ;)	 	 
326	23:03:35:657	Server	 		Gaeilgeoir rolled a 6 and a 5.	 	 
327	23:03:35:658	Server	 		Gaeilgeoir gets 1 sheep, 1 wheat. inca gets 1 wheat.	 	 
328	23:03:52:521	Server	 		inca rolled a 1 and a 6.	 	 
329	23:04:04:044	Server	 		Gaeilgeoir rolled a 1 and a 1.	 	 
330	23:04:04:044	Server	 		No player gets anything.	 	 
331	23:04:10:454	Server	 		inca rolled a 3 and a 4.	 	 
332	23:04:25:614	Server	 		Gaeilgeoir rolled a 5 and a 1.	 	 
333	23:04:25:614	Server	 		Gaeilgeoir gets 1 ore. inca gets 1 ore.	 	 
334	23:04:32:865	Server	 		inca rolled a 1 and a 5.	 	 
335	23:04:32:865	Server	 		Gaeilgeoir gets 1 ore. inca gets 1 ore.	 	 
336	23:04:42:433	Server	 		Gaeilgeoir rolled a 2 and a 5.	 	 
337	23:04:54:283	Server	 		inca rolled a 2 and a 3.	 	 
338	23:04:54:284	Server	 		Gaeilgeoir gets 1 clay. inca gets 1 clay.	 	 
339	23:05:04:802	Server	 		Gaeilgeoir rolled a 5 and a 6.	 	 
340	23:05:04:802	Server	 		Gaeilgeoir gets 1 sheep, 1 wheat. inca gets 1 wheat.	 	 
341	23:05:13:805	Server	 		inca rolled a 2 and a 1.	 	 
342	23:05:13:805	Server	 		Gaeilgeoir gets 1 wheat. inca gets 1 ore.	 	 
343	23:05:33:508	Server	 		Gaeilgeoir rolled a 2 and a 6.	 	 
344	23:05:33:508	Server	 		inca gets 2 sheep.	 	 
345	23:05:52:829	Server	 		Gaeilgeoir traded 3 clay for 1 ore from a port.	 	 
346	23:06:00:368	Server	 		inca rolled a 2 and a 2.	 	 
347	23:06:00:368	Server	 		Gaeilgeoir gets 2 wheat.	 	 
348	23:06:10:936	Server	 		Gaeilgeoir rolled a 1 and a 2.	 	 
349	23:06:10:937	Server	 		Gaeilgeoir gets 1 wheat.	 	 
350	23:06:21:744	Server	 		Gaeilgeoir traded 3 wheat for 1 ore from a port.	 	 
351	23:06:44:243	Server	 		inca rolled a 5 and a 5.	 	 
352	23:06:44:244	Server	 		inca gets 2 wood.	 	 
353	23:06:50:122	Server	 		Gaeilgeoir rolled a 2 and a 3.	 	 
354	23:06:50:122	Server	 		Gaeilgeoir gets 1 clay. inca gets 1 clay.	 	 
355	23:06:55:729	Server	 		inca rolled a 4 and a 4.	 	 
356	23:06:55:729	Server	 		inca gets 2 sheep.	 	 
357	23:07:03:427	Server	 		Gaeilgeoir rolled a 2 and a 6.	 	 
358	23:07:03:427	Server	 		inca gets 2 sheep.	 	 
359	23:07:08:798	Server	 		inca rolled a 5 and a 2.	 	 
360	23:07:49:380	Server	 		inca built a road.	 	 
361	23:07:57:522	Server	 		Gaeilgeoir rolled a 1 and a 6.	 	 
362	23:08:15:415	Server	 		inca rolled a 1 and a 6.	 	 
363	23:08:32:717	Server	 		Gaeilgeoir built a road.	 	 
364	23:08:34:142	Server	 		Gaeilgeoir built a road.	 	 
365	23:08:35:845	Server	 		Gaeilgeoir rolled a 6 and a 4.	 	 
366	23:08:35:846	Server	 		inca gets 2 wood.	 	 
367	23:08:43:035	Server	 		inca rolled a 5 and a 6.	 	 
368	23:08:43:036	Server	 		Gaeilgeoir gets 1 wheat. inca gets 1 wheat.	 	 
369	23:08:50:964	Server	 		Gaeilgeoir rolled a 3 and a 1.	 	 
370	23:08:50:964	Server	 		Gaeilgeoir gets 2 wheat.	 	 
371	23:08:58:408	Server	 		inca rolled a 1 and a 3.	 	 
372	23:08:58:409	Server	 		Gaeilgeoir gets 2 wheat.	 	 
373	23:09:05:921	Server	 		Gaeilgeoir rolled a 4 and a 2.	 	 
374	23:09:05:922	Server	 		Gaeilgeoir gets 1 ore, 1 sheep. inca gets 1 ore.	 	 
375	23:09:14:619	Server	 		Gaeilgeoir traded 3 wheat for 1 ore from a port.	 	 
376	23:09:25:187	Server	 		inca rolled a 2 and a 1.	 	 
377	23:09:25:188	Server	 		Gaeilgeoir gets 1 wheat. inca gets 1 ore.	 	 
378	23:09:39:938	Server	 		Gaeilgeoir rolled a 4 and a 4.	 	 
379	23:09:39:938	Server	 		No player gets anything.	 	 
380	23:09:46:719	Server	 		inca rolled a 2 and a 5.	 	 
381	23:09:57:004	Server	 		Gaeilgeoir rolled a 2 and a 1.	 	 
382	23:09:57:004	Server	 		Gaeilgeoir gets 1 wheat. inca gets 1 ore.	 	 
383	23:10:10:513	Server	 		inca rolled a 2 and a 4.	 	 
384	23:10:10:514	Server	 		Gaeilgeoir gets 1 ore, 1 sheep. inca gets 1 ore.	 	 
385	23:10:18:301	Server	 		inca traded 3 ore for 1 sheep from a port.	 	 
386	23:10:21:581	Server	 		inca built a settlement.	 	 
387	23:10:27:421	Server	 		Gaeilgeoir rolled a 5 and a 2.	 	 
388	23:10:42:619	Server	 		inca rolled a 6 and a 3.	 	 
389	23:10:42:620	Server	 		Gaeilgeoir gets 1 clay, 1 wood. inca gets 1 clay.	 	 
390	23:10:57:894	Server	 		Gaeilgeoir rolled a 4 and a 1.	 	 
391	23:10:57:895	Server	 		Gaeilgeoir gets 1 clay. inca gets 1 clay.	 	 
392	23:11:18:095	Server	 		inca rolled a 1 and a 5.	 	 
393	23:11:18:095	Server	 		Gaeilgeoir gets 1 ore, 1 sheep. inca gets 1 ore.	 	 
394	23:11:26:345	Server	 		Gaeilgeoir rolled a 4 and a 2.	 	 
395	23:11:26:345	Server	 		Gaeilgeoir gets 1 ore, 1 sheep. inca gets 1 ore.	 	 
396	23:11:30:913	Server	 		Gaeilgeoir built a city.	 	 
397	23:11:37:692	inca	clay=2; ore=2; sheep=0; wheat=0; wood=0; unknown=0; knights=2; dev-cards=4	roads=[139,69; 69,156; 156,122; 122,106; 106,172; 172,171; 171,188]; settlements=[139,86; 86,173; 173,107; 107,205]	well played!	 	 
398	23:11:50:211	Gaeilgeoir	clay=2; ore=1; sheep=2; wheat=0; wood=2; unknown=0; knights=7; dev-cards=0	roads=[104,136; 136,120; 120,88; 88,72; 72,56; 56,39; 39,38; 38,54; 54,71; 71,152; 152,169; 169,168; 168,186; 186,202]; settlements=[152,56; 56,54; 54,186]	thank you. I was seriously worried I couldn't get that last point	 	 
399	23:11:58:809	Gaeilgeoir	clay=2; ore=1; sheep=2; wheat=0; wood=2; unknown=0; knights=7; dev-cards=0	roads=[104,136; 136,120; 120,88; 88,72; 72,56; 56,39; 39,38; 38,54; 54,71; 71,152; 152,169; 169,168; 168,186; 186,202]; settlements=[152,56; 56,54; 54,186]	and I saw your collection of cards building up	 	 
400	23:12:10:201	inca	clay=2; ore=2; sheep=0; wheat=0; wood=0; unknown=0; knights=2; dev-cards=4	roads=[139,69; 69,156; 156,122; 122,106; 106,172; 172,171; 171,188]; settlements=[139,86; 86,173; 173,107; 107,205]	haha, yeah i got very lucky with the VP cards	 	 
401	23:12:23:301	inca	clay=2; ore=2; sheep=0; wheat=0; wood=0; unknown=0; knights=2; dev-cards=4	roads=[139,69; 69,156; 156,122; 122,106; 106,172; 172,171; 171,188]; settlements=[139,86; 86,173; 173,107; 107,205]	would have been quite a cheap victory	 	 
402	23:12:33:827	Gaeilgeoir	clay=2; ore=1; sheep=2; wheat=0; wood=2; unknown=0; knights=7; dev-cards=0	roads=[104,136; 136,120; 120,88; 88,72; 72,56; 56,39; 39,38; 38,54; 54,71; 71,152; 152,169; 169,168; 168,186; 186,202]; settlements=[152,56; 56,54; 54,186]	I kept searching for one but I kept getting stupid soldiers :P	 	 
403	23:12:41:610	Gaeilgeoir	clay=2; ore=1; sheep=2; wheat=0; wood=2; unknown=0; knights=7; dev-cards=0	roads=[104,136; 136,120; 120,88; 88,72; 72,56; 56,39; 39,38; 38,54; 54,71; 71,152; 152,169; 169,168; 168,186; 186,202]; settlements=[152,56; 56,54; 54,186]	good game though	 	 
404	23:12:42:135	inca	clay=2; ore=2; sheep=0; wheat=0; wood=0; unknown=0; knights=2; dev-cards=4	roads=[139,69; 69,156; 156,122; 122,106; 106,172; 172,171; 171,188]; settlements=[139,86; 86,173; 173,107; 107,205]	haha, could tell	 	 
405	23:12:44:294	inca	clay=2; ore=2; sheep=0; wheat=0; wood=0; unknown=0; knights=2; dev-cards=4	roads=[139,69; 69,156; 156,122; 122,106; 106,172; 172,171; 171,188]; settlements=[139,86; 86,173; 173,107; 107,205]	yep it was	 	 
406	23:13:08:877	inca	clay=2; ore=2; sheep=0; wheat=0; wood=0; unknown=0; knights=2; dev-cards=4	roads=[139,69; 69,156; 156,122; 122,106; 106,172; 172,171; 171,188]; settlements=[139,86; 86,173; 173,107; 107,205]	well, thanks for all your commitment	 	 
407	23:13:57:008	inca	clay=2; ore=2; sheep=0; wheat=0; wood=0; unknown=0; knights=2; dev-cards=4	roads=[139,69; 69,156; 156,122; 122,106; 106,172; 172,171; 171,188]; settlements=[139,86; 86,173; 173,107; 107,205]	i've enjoyed this	 	 
408	23:14:09:391	Gaeilgeoir	clay=2; ore=1; sheep=2; wheat=0; wood=2; unknown=0; knights=7; dev-cards=0	roads=[104,136; 136,120; 120,88; 88,72; 72,56; 56,39; 39,38; 38,54; 54,71; 71,152; 152,169; 169,168; 168,186; 186,202]; settlements=[152,56; 56,54; 54,186]	Me too, hope you get the £20!	 	 
409	23:14:45:877	inca	clay=2; ore=2; sheep=0; wheat=0; wood=0; unknown=0; knights=2; dev-cards=4	roads=[139,69; 69,156; 156,122; 122,106; 106,172; 172,171; 171,188]; settlements=[139,86; 86,173; 173,107; 107,205]	Haha, fingers crossed!	 	 
410	23:14:59:359	inca	clay=2; ore=2; sheep=0; wheat=0; wood=0; unknown=0; knights=2; dev-cards=4	roads=[139,69; 69,156; 156,122; 122,106; 106,172; 172,171; 171,188]; settlements=[139,86; 86,173; 173,107; 107,205]	cheers, maybe see you again in another season of this, or elsewhere	 	 
411	23:15:21:548	Gaeilgeoir	clay=2; ore=1; sheep=2; wheat=0; wood=2; unknown=0; knights=7; dev-cards=0	roads=[104,136; 136,120; 120,88; 88,72; 72,56; 56,39; 39,38; 38,54; 54,71; 71,152; 152,169; 169,168; 168,186; 186,202]; settlements=[152,56; 56,54; 54,186]	ciao. best of luck with your future in brass :P	 	 
412	23:15:51:440	inca	clay=2; ore=2; sheep=0; wheat=0; wood=0; unknown=0; knights=2; dev-cards=4	roads=[139,69; 69,156; 156,122; 122,106; 106,172; 172,171; 171,188]; settlements=[139,86; 86,173; 173,107; 107,205]	heh cheers, and best of luck with whatever you do	 	 
413	23:15:54:022	inca	clay=2; ore=2; sheep=0; wheat=0; wood=0; unknown=0; knights=2; dev-cards=4	roads=[139,69; 69,156; 156,122; 122,106; 106,172; 172,171; 171,188]; settlements=[139,86; 86,173; 173,107; 107,205]	see you	 	 
