ID	Timestamp	Emitter	Resources	Buildups	Text	Annotation	Comment
1	19:01:36:136	gotwood4sheep	clay=0; ore=0; sheep=0; wheat=0; wood=0; unknown=0; knights=0; dev-cards=0		Hey LJ!	 	 
2	19:02:00:666	ljaybrad123	clay=0; ore=0; sheep=0; wheat=0; wood=0; unknown=0; knights=0; dev-cards=0		hi :D	 	 
3	19:02:08:377	ljaybrad123	clay=0; ore=0; sheep=0; wheat=0; wood=0; unknown=0; knights=0; dev-cards=0		how are you?	 	 
4	19:02:18:673	gotwood4sheep	clay=0; ore=0; sheep=0; wheat=0; wood=0; unknown=0; knights=0; dev-cards=0		having the best midsummer evar	 	 
5	19:02:25:535	gotwood4sheep	clay=0; ore=0; sheep=0; wheat=0; wood=0; unknown=0; knights=0; dev-cards=0		the longest day of rain of the year	 	 
6	19:02:27:676	ljaybrad123	clay=0; ore=0; sheep=0; wheat=0; wood=0; unknown=0; knights=0; dev-cards=0		nice	 	 
7	19:02:36:246	ljaybrad123	clay=0; ore=0; sheep=0; wheat=0; wood=0; unknown=0; knights=0; dev-cards=0		though technically it was yesterday	 	 
8	19:02:45:490	ljaybrad123	clay=0; ore=0; sheep=0; wheat=0; wood=0; unknown=0; knights=0; dev-cards=0		it fell on the 20th this year which was odd	 	 
9	19:02:50:767	gotwood4sheep	clay=0; ore=0; sheep=0; wheat=0; wood=0; unknown=0; knights=0; dev-cards=0		indeed, at least it was mostly sunny	 	 
10	19:02:56:735	gotwood4sheep	clay=0; ore=0; sheep=0; wheat=0; wood=0; unknown=0; knights=0; dev-cards=0		today has been driech	 	 
11	19:03:41:080	gotwood4sheep	clay=0; ore=0; sheep=0; wheat=0; wood=0; unknown=0; knights=0; dev-cards=0		waiting on tomas now and william about 8.15, right?	 	 
12	19:03:45:435	ljaybrad123	clay=0; ore=0; sheep=0; wheat=0; wood=0; unknown=0; knights=0; dev-cards=0		yesh	 	 
13	19:03:52:059	ljaybrad123	clay=0; ore=0; sheep=0; wheat=0; wood=0; unknown=0; knights=0; dev-cards=0		how did tuesdays game go?	 	 
14	19:04:00:118	gotwood4sheep	clay=0; ore=0; sheep=0; wheat=0; wood=0; unknown=0; knights=0; dev-cards=0		fine, pretty quick	 	 
15	19:04:15:322	ljaybrad123	clay=0; ore=0; sheep=0; wheat=0; wood=0; unknown=0; knights=0; dev-cards=0		gdgd	 	 
16	19:04:19:296	ljaybrad123	clay=0; ore=0; sheep=0; wheat=0; wood=0; unknown=0; knights=0; dev-cards=0		who won?	 	 
17	19:04:22:685	gotwood4sheep	clay=0; ore=0; sheep=0; wheat=0; wood=0; unknown=0; knights=0; dev-cards=0		i deed	 	 
18	19:04:26:221	ljaybrad123	clay=0; ore=0; sheep=0; wheat=0; wood=0; unknown=0; knights=0; dev-cards=0		nice	 	 
19	19:04:30:428	ljaybrad123	clay=0; ore=0; sheep=0; wheat=0; wood=0; unknown=0; knights=0; dev-cards=0		well done	 	 
20	19:04:31:488	gotwood4sheep	clay=0; ore=0; sheep=0; wheat=0; wood=0; unknown=0; knights=0; dev-cards=0		lucky	 	 
21	19:04:43:433	gotwood4sheep	clay=0; ore=0; sheep=0; wheat=0; wood=0; unknown=0; knights=0; dev-cards=0		william kept rolling 7s whenever he was >7 resources	 	 
22	19:04:53:854	ljaybrad123	clay=0; ore=0; sheep=0; wheat=0; wood=0; unknown=0; knights=0; dev-cards=0		:(	 	 
23	19:04:55:296	gotwood4sheep	clay=0; ore=0; sheep=0; wheat=0; wood=0; unknown=0; knights=0; dev-cards=0		and more 8s came up than 6s when i only had 8s	 	 
24	19:04:59:740	ljaybrad123	clay=0; ore=0; sheep=0; wheat=0; wood=0; unknown=0; knights=0; dev-cards=0		we had soooo many 7s last game	 	 
25	19:05:08:466	gotwood4sheep	clay=0; ore=0; sheep=0; wheat=0; wood=0; unknown=0; knights=0; dev-cards=0		lol annoyyying	 	 
26	19:05:12:950	ljaybrad123	clay=0; ore=0; sheep=0; wheat=0; wood=0; unknown=0; knights=0; dev-cards=0		i think 7 7s in a row	 	 
27	19:05:22:919	gotwood4sheep	clay=0; ore=0; sheep=0; wheat=0; wood=0; unknown=0; knights=0; dev-cards=0		wow crazy	 	 
28	19:07:30:507	gotwood4sheep	clay=0; ore=0; sheep=0; wheat=0; wood=0; unknown=0; knights=0; dev-cards=0		come on tom	 	 
29	19:07:33:951	gotwood4sheep	clay=0; ore=0; sheep=0; wheat=0; wood=0; unknown=0; knights=0; dev-cards=0		where's he at	 	 
30	19:07:51:059	ljaybrad123	clay=0; ore=0; sheep=0; wheat=0; wood=0; unknown=0; knights=0; dev-cards=0		no idea...	 	 
31	19:08:08:074	gotwood4sheep	clay=0; ore=0; sheep=0; wheat=0; wood=0; unknown=0; knights=0; dev-cards=0		how long shall we give him?	 	 
32	19:08:25:314	gotwood4sheep	clay=0; ore=0; sheep=0; wheat=0; wood=0; unknown=0; knights=0; dev-cards=0		or shall we camp on the server till 8.15!	 	 
33	19:08:39:286	ljaybrad123	clay=0; ore=0; sheep=0; wheat=0; wood=0; unknown=0; knights=0; dev-cards=0		erm...	 	 
34	19:08:59:224	ljaybrad123	clay=0; ore=0; sheep=0; wheat=0; wood=0; unknown=0; knights=0; dev-cards=0		unless the second game happens early it doesnt bother me...	 	 
35	19:09:16:163	ljaybrad123	clay=0; ore=0; sheep=0; wheat=0; wood=0; unknown=0; knights=0; dev-cards=0		i might return to minecraft though... I kinda just caught the bug	 	 
36	19:09:23:026	gotwood4sheep	clay=0; ore=0; sheep=0; wheat=0; wood=0; unknown=0; knights=0; dev-cards=0		cool!	 	 
37	19:09:32:321	gotwood4sheep	clay=0; ore=0; sheep=0; wheat=0; wood=0; unknown=0; knights=0; dev-cards=0		I haven't played but know its addictive nature from my friends	 	 
38	19:09:40:421	ljaybrad123	clay=0; ore=0; sheep=0; wheat=0; wood=0; unknown=0; knights=0; dev-cards=0		if he doesn't turn up then the final game is the decider.;;;	 	 
39	19:10:05:582	gotwood4sheep	clay=0; ore=0; sheep=0; wheat=0; wood=0; unknown=0; knights=0; dev-cards=0		i guess, unless we have time to reschedule the tomas game before 27th?	 	 
40	19:10:13:531	gotwood4sheep	clay=0; ore=0; sheep=0; wheat=0; wood=0; unknown=0; knights=0; dev-cards=0		don't want to deprive his fun and games :D	 	 
41	19:10:19:317	ljaybrad123	clay=0; ore=0; sheep=0; wheat=0; wood=0; unknown=0; knights=0; dev-cards=0		he goes away tomorrow...	 	 
42	19:10:26:694	gotwood4sheep	clay=0; ore=0; sheep=0; wheat=0; wood=0; unknown=0; knights=0; dev-cards=0		ahhhhh	 	 
43	19:10:31:220	ljaybrad123	clay=0; ore=0; sheep=0; wheat=0; wood=0; unknown=0; knights=0; dev-cards=0		thats why we were going to do 2 tonight	 	 
44	19:12:12:244	gotwood4sheep	clay=0; ore=0; sheep=0; wheat=0; wood=0; unknown=0; knights=0; dev-cards=0		hmm no emails. ah well, i'm in no rush, not going outside :D	 	 
45	19:12:44:207	ljaybrad123	clay=0; ore=0; sheep=0; wheat=0; wood=0; unknown=0; knights=0; dev-cards=0		I was going to... but woud need to be done by 8.15 ... so not going to happen	 	 
46	19:12:55:470	ljaybrad123	clay=0; ore=0; sheep=0; wheat=0; wood=0; unknown=0; knights=0; dev-cards=0		could have played earlier because Im off work :(	 	 
47	19:12:59:788	gotwood4sheep	clay=0; ore=0; sheep=0; wheat=0; wood=0; unknown=0; knights=0; dev-cards=0		d'oh :(	 	 
48	19:13:40:303	ljaybrad123	clay=0; ore=0; sheep=0; wheat=0; wood=0; unknown=0; knights=0; dev-cards=0		I fell at work yesterday	 	 
49	19:13:46:307	ljaybrad123	clay=0; ore=0; sheep=0; wheat=0; wood=0; unknown=0; knights=0; dev-cards=0		so off for the rest of the week	 	 
50	19:13:51:029	ljaybrad123	clay=0; ore=0; sheep=0; wheat=0; wood=0; unknown=0; knights=0; dev-cards=0		sadly unpaid :(	 	 
51	19:14:42:359	gotwood4sheep	clay=0; ore=0; sheep=0; wheat=0; wood=0; unknown=0; knights=0; dev-cards=0		um...sorry to hear it...but if you fell at work shouldn't they be paying, or at least bracing themse	 	 
52	19:14:49:059	gotwood4sheep	clay=0; ore=0; sheep=0; wheat=0; wood=0; unknown=0; knights=0; dev-cards=0		lves for a claim?  what kind of fall?	 	 
53	19:15:02:984	gotwood4sheep	clay=0; ore=0; sheep=0; wheat=0; wood=0; unknown=0; knights=0; dev-cards=0		you shouldn't lose pay if it was work-related :/	 	 
54	19:15:13:714	ljaybrad123	clay=0; ore=0; sheep=0; wheat=0; wood=0; unknown=0; knights=0; dev-cards=0		erm... im technically self employed...	 	 
55	19:15:17:626	gotwood4sheep	clay=0; ore=0; sheep=0; wheat=0; wood=0; unknown=0; knights=0; dev-cards=0		oh ouch	 	 
56	19:15:19:298	gotwood4sheep	clay=0; ore=0; sheep=0; wheat=0; wood=0; unknown=0; knights=0; dev-cards=0		:(	 	 
57	19:15:27:836	ljaybrad123	clay=0; ore=0; sheep=0; wheat=0; wood=0; unknown=0; knights=0; dev-cards=0		and they should be... they made me wear slippy overshoes.	 	 
58	19:15:37:591	ljaybrad123	clay=0; ore=0; sheep=0; wheat=0; wood=0; unknown=0; knights=0; dev-cards=0		we'll see what happens	 	 
59	19:15:47:102	gotwood4sheep	clay=0; ore=0; sheep=0; wheat=0; wood=0; unknown=0; knights=0; dev-cards=0		sounds like a liability case to be contested.  good luck	 	 
60	19:15:52:986	gotwood4sheep	clay=0; ore=0; sheep=0; wheat=0; wood=0; unknown=0; knights=0; dev-cards=0		are you ok? just sore?	 	 
61	19:16:01:784	gotwood4sheep	clay=0; ore=0; sheep=0; wheat=0; wood=0; unknown=0; knights=0; dev-cards=0		or is it possibly worse?	 	 
62	19:16:11:352	gotwood4sheep	clay=0; ore=0; sheep=0; wheat=0; wood=0; unknown=0; knights=0; dev-cards=0		sorry, don't want to sound prying :P	 	 
63	19:16:28:201	ljaybrad123	clay=0; ore=0; sheep=0; wheat=0; wood=0; unknown=0; knights=0; dev-cards=0		it does - but I don't really know what to do...	 	 
64	19:16:41:570	gotwood4sheep	clay=0; ore=0; sheep=0; wheat=0; wood=0; unknown=0; knights=0; dev-cards=0		there's always no win no fee people	 	 
65	19:16:51:356	gotwood4sheep	clay=0; ore=0; sheep=0; wheat=0; wood=0; unknown=0; knights=0; dev-cards=0		did they file an accident report?	 	 
66	19:16:52:597	ljaybrad123	clay=0; ore=0; sheep=0; wheat=0; wood=0; unknown=0; knights=0; dev-cards=0		erm bad bruising - muscle damge -	 	 
67	19:16:56:638	gotwood4sheep	clay=0; ore=0; sheep=0; wheat=0; wood=0; unknown=0; knights=0; dev-cards=0		ouch :(	 	 
68	19:17:03:586	gotwood4sheep	clay=0; ore=0; sheep=0; wheat=0; wood=0; unknown=0; knights=0; dev-cards=0		sorry, guess whose dad worked in insurance :P	 	 
69	19:17:03:786	ljaybrad123	clay=0; ore=0; sheep=0; wheat=0; wood=0; unknown=0; knights=0; dev-cards=0		yeah im tempted	 	 
70	19:17:12:473	ljaybrad123	clay=0; ore=0; sheep=0; wheat=0; wood=0; unknown=0; knights=0; dev-cards=0		lol I don't blame you/....	 	 
71	19:17:22:105	ljaybrad123	clay=0; ore=0; sheep=0; wheat=0; wood=0; unknown=0; knights=0; dev-cards=0		I'm very tempted because its incredibly sore	 	 
72	19:17:52:215	gotwood4sheep	clay=0; ore=0; sheep=0; wheat=0; wood=0; unknown=0; knights=0; dev-cards=0		I'd take some pictures and make sure a report is filed so you have something to work with	 	 
73	19:18:01:016	gotwood4sheep	clay=0; ore=0; sheep=0; wheat=0; wood=0; unknown=0; knights=0; dev-cards=0		if you don't deal with the evidence now it'll be tough	 	 
74	19:18:08:110	ljaybrad123	clay=0; ore=0; sheep=0; wheat=0; wood=0; unknown=0; knights=0; dev-cards=0		I can't take pictures....	 	 
75	19:18:08:112	gotwood4sheep	clay=0; ore=0; sheep=0; wheat=0; wood=0; unknown=0; knights=0; dev-cards=0		and if you're self employed you've gotta protect your income	 	 
76	19:18:31:426	gotwood4sheep	clay=0; ore=0; sheep=0; wheat=0; wood=0; unknown=0; knights=0; dev-cards=0		the report and/or questions of liability are most important	 	 
77	19:18:41:436	gotwood4sheep	clay=0; ore=0; sheep=0; wheat=0; wood=0; unknown=0; knights=0; dev-cards=0		maybe a trip to the doctors as well in that case	 	 
78	19:18:42:718	gotwood4sheep	clay=0; ore=0; sheep=0; wheat=0; wood=0; unknown=0; knights=0; dev-cards=0		?	 	 
79	19:18:48:376	ljaybrad123	clay=0; ore=0; sheep=0; wheat=0; wood=0; unknown=0; knights=0; dev-cards=0		yeah I went to docs	 	 
80	19:19:07:427	gotwood4sheep	clay=0; ore=0; sheep=0; wheat=0; wood=0; unknown=0; knights=0; dev-cards=0		well at least that's on file.	 	 
81	19:19:23:242	gotwood4sheep	clay=0; ore=0; sheep=0; wheat=0; wood=0; unknown=0; knights=0; dev-cards=0		I'd send the workplace a message checking they've filed an accident report	 	 
82	19:19:27:490	gotwood4sheep	clay=0; ore=0; sheep=0; wheat=0; wood=0; unknown=0; knights=0; dev-cards=0		and saying you're considering your options	 	 
83	19:19:28:823	ljaybrad123	clay=0; ore=0; sheep=0; wheat=0; wood=0; unknown=0; knights=0; dev-cards=0		bad bruising but pretty sure it's not broken	 	 
84	19:19:31:758	gotwood4sheep	clay=0; ore=0; sheep=0; wheat=0; wood=0; unknown=0; knights=0; dev-cards=0		at least you give them notice	 	 
85	19:19:35:361	gotwood4sheep	clay=0; ore=0; sheep=0; wheat=0; wood=0; unknown=0; knights=0; dev-cards=0		hope so :(	 	 
86	19:19:47:418	ljaybrad123	clay=0; ore=0; sheep=0; wheat=0; wood=0; unknown=0; knights=0; dev-cards=0		I told them i needed a report yesterday	 	 
87	19:19:53:807	gotwood4sheep	clay=0; ore=0; sheep=0; wheat=0; wood=0; unknown=0; knights=0; dev-cards=0		good.  well, good luck.	 	 
88	19:20:13:599	gotwood4sheep	clay=0; ore=0; sheep=0; wheat=0; wood=0; unknown=0; knights=0; dev-cards=0		it sucks and it's stressful, and doing it when you feel bad blows	 	 
89	19:20:15:304	ljaybrad123	clay=0; ore=0; sheep=0; wheat=0; wood=0; unknown=0; knights=0; dev-cards=0		thanks	 	 
90	19:20:19:713	gotwood4sheep	clay=0; ore=0; sheep=0; wheat=0; wood=0; unknown=0; knights=0; dev-cards=0		but it's one of those things you have to move on, sadly	 	 
91	19:20:27:219	gotwood4sheep	clay=0; ore=0; sheep=0; wheat=0; wood=0; unknown=0; knights=0; dev-cards=0		and i do, of course, hope you feel better soon	 	 
92	19:20:31:097	gotwood4sheep	clay=0; ore=0; sheep=0; wheat=0; wood=0; unknown=0; knights=0; dev-cards=0		so you don't miss out too much	 	 
93	19:20:35:194	ljaybrad123	clay=0; ore=0; sheep=0; wheat=0; wood=0; unknown=0; knights=0; dev-cards=0		yeah I just feel naff - and now cant work today or tomorrow at least	 	 
94	19:20:39:276	gotwood4sheep	clay=0; ore=0; sheep=0; wheat=0; wood=0; unknown=0; knights=0; dev-cards=0		:(	 	 
95	19:20:41:058	ljaybrad123	clay=0; ore=0; sheep=0; wheat=0; wood=0; unknown=0; knights=0; dev-cards=0		maybe longer...	 	 
96	19:20:51:762	ljaybrad123	clay=0; ore=0; sheep=0; wheat=0; wood=0; unknown=0; knights=0; dev-cards=0		I can't lift any of the kids atm so i cant work	 	 
97	19:21:14:739	gotwood4sheep	clay=0; ore=0; sheep=0; wheat=0; wood=0; unknown=0; knights=0; dev-cards=0		I'd definitely cost up lost earnings and try and get a settlement	 	 
98	19:21:39:357	ljaybrad123	clay=0; ore=0; sheep=0; wheat=0; wood=0; unknown=0; knights=0; dev-cards=0		yeah - it's just kinda like is it worth all the hassle for £70	 	 
99	19:21:41:331	gotwood4sheep	clay=0; ore=0; sheep=0; wheat=0; wood=0; unknown=0; knights=0; dev-cards=0		/incidental settlers pun	 	 
100	19:21:47:225	ljaybrad123	clay=0; ore=0; sheep=0; wheat=0; wood=0; unknown=0; knights=0; dev-cards=0		:)	 	 
101	19:21:54:074	gotwood4sheep	clay=0; ore=0; sheep=0; wheat=0; wood=0; unknown=0; knights=0; dev-cards=0		You might find they're sweating it and if you asked for £70 they'd say sure	 	 
102	19:22:00:673	gotwood4sheep	clay=0; ore=0; sheep=0; wheat=0; wood=0; unknown=0; knights=0; dev-cards=0		settling works for all	 	 
103	19:22:22:562	ljaybrad123	clay=0; ore=0; sheep=0; wheat=0; wood=0; unknown=0; knights=0; dev-cards=0		hmmm	 	 
104	19:22:46:220	ljaybrad123	clay=0; ore=0; sheep=0; wheat=0; wood=0; unknown=0; knights=0; dev-cards=0		I get the distinct feeling they dont really care	 	 
105	19:23:02:368	gotwood4sheep	clay=0; ore=0; sheep=0; wheat=0; wood=0; unknown=0; knights=0; dev-cards=0		they'll care more if they think you're pursuing legal action	 	 
106	19:23:11:621	gotwood4sheep	clay=0; ore=0; sheep=0; wheat=0; wood=0; unknown=0; knights=0; dev-cards=0		if they really don't, default judgement, bang	 	 
107	19:23:16:519	ljaybrad123	clay=0; ore=0; sheep=0; wheat=0; wood=0; unknown=0; knights=0; dev-cards=0		yeah I suppose	 	 
108	19:23:28:126	gotwood4sheep	clay=0; ore=0; sheep=0; wheat=0; wood=0; unknown=0; knights=0; dev-cards=0		I'd suggest a price, if they don't respond, small claims and see	 	 
109	19:23:34:473	gotwood4sheep	clay=0; ore=0; sheep=0; wheat=0; wood=0; unknown=0; knights=0; dev-cards=0		sounds like there's a case to be heard	 	 
110	19:23:57:684	ljaybrad123	clay=0; ore=0; sheep=0; wheat=0; wood=0; unknown=0; knights=0; dev-cards=0		hmmm fair point	 	 
111	19:23:59:149	gotwood4sheep	clay=0; ore=0; sheep=0; wheat=0; wood=0; unknown=0; knights=0; dev-cards=0		if he's not here in 7 mins we'll not have time before william arrives	 	 
112	19:24:04:375	gotwood4sheep	clay=0; ore=0; sheep=0; wheat=0; wood=0; unknown=0; knights=0; dev-cards=0		sigh...	 	 
113	19:24:33:096	ljaybrad123	clay=0; ore=0; sheep=0; wheat=0; wood=0; unknown=0; knights=0; dev-cards=0		no	 	 
114	19:24:35:274	ljaybrad123	clay=0; ore=0; sheep=0; wheat=0; wood=0; unknown=0; knights=0; dev-cards=0		:(	 	 
115	19:27:15:472	gotwood4sheep	clay=0; ore=0; sheep=0; wheat=0; wood=0; unknown=0; knights=0; dev-cards=0		just emailed everyone to see- if Tomas has a smartphone he may pick up	 	 
116	19:27:16:983	gotwood4sheep	clay=0; ore=0; sheep=0; wheat=0; wood=0; unknown=0; knights=0; dev-cards=0		the email	 	 
117	19:27:27:503	ljaybrad123	clay=0; ore=0; sheep=0; wheat=0; wood=0; unknown=0; knights=0; dev-cards=0		thanks	 	 
118	19:31:14:237	gotwood4sheep	clay=0; ore=0; sheep=0; wheat=0; wood=0; unknown=0; knights=0; dev-cards=0		*twiddles thumbs*	 	 
119	19:31:26:924	ljaybrad123	clay=0; ore=0; sheep=0; wheat=0; wood=0; unknown=0; knights=0; dev-cards=0		'8noms oatcakes*	 	 
120	19:32:17:844	gotwood4sheep	clay=0; ore=0; sheep=0; wheat=0; wood=0; unknown=0; knights=0; dev-cards=0		mmmmm	 	 
121	19:33:38:213	tomas.kostan	clay=0; ore=0; sheep=0; wheat=0; wood=0; unknown=0; knights=0; dev-cards=0		hi. i am really really sorry are you still here?	 	 
122	19:34:31:636	gotwood4sheep	clay=0; ore=0; sheep=0; wheat=0; wood=0; unknown=0; knights=0; dev-cards=0		yay!	 	 
123	19:34:36:126	gotwood4sheep	clay=0; ore=0; sheep=0; wheat=0; wood=0; unknown=0; knights=0; dev-cards=0		shall we try and play in 45'	 	 
124	19:34:39:393	gotwood4sheep	clay=0; ore=0; sheep=0; wheat=0; wood=0; unknown=0; knights=0; dev-cards=0		gogogogogo	 	 
125	19:34:44:642	gotwood4sheep	clay=0; ore=0; sheep=0; wheat=0; wood=0; unknown=0; knights=0; dev-cards=0		and hello tomas! :D	 	 
126	19:35:11:728	ljaybrad123	clay=0; ore=0; sheep=0; wheat=0; wood=0; unknown=0; knights=0; dev-cards=0		hi	 	 
127	19:35:15:070	ljaybrad123	clay=0; ore=0; sheep=0; wheat=0; wood=0; unknown=0; knights=0; dev-cards=0		sorry	 	 
128	19:35:32:549	Server	 		ljaybrad123 built a settlement.	 	 
129	19:35:44:917	Server	 		ljaybrad123 built a road.	 	 
130	19:36:33:761	Server	 		tomas.kostan built a settlement.	 	 
131	19:36:37:505	Server	 		tomas.kostan built a road.	 	 
132	19:36:45:485	Server	 		gotwood4sheep built a settlement.	 	 
133	19:36:46:454	Server	 		gotwood4sheep built a road.	 	 
134	19:36:47:503	Server	 		gotwood4sheep built a settlement.	 	 
135	19:36:48:413	Server	 		gotwood4sheep built a road.	 	 
136	19:37:05:235	gotwood4sheep	clay=0; ore=1; sheep=0; wheat=1; wood=0; unknown=0; knights=0; dev-cards=0	roads=[105,139]; settlements=[105,156]	that wasn't a smart start by me	 	 
137	19:37:06:147	gotwood4sheep	clay=0; ore=1; sheep=0; wheat=1; wood=0; unknown=0; knights=0; dev-cards=0	roads=[105,139]; settlements=[105,156]	lol	 	 
138	19:37:14:247	ljaybrad123	clay=0; ore=0; sheep=0; wheat=0; wood=0; unknown=0; knights=0; dev-cards=0		no....	 	 
139	19:37:36:040	Server	 		tomas.kostan built a settlement.	 	 
140	19:37:49:625	Server	 		tomas.kostan built a road.	 	 
141	19:37:51:528	Server	 		ljaybrad123 built a settlement.	 	 
142	19:37:54:164	Server	 		ljaybrad123 built a road.	 	 
143	19:37:59:471	Server	 		ljaybrad123 rolled a 5 and a 6.	 	 
144	19:37:59:472	Server	 		ljaybrad123 gets 1 clay.	 	 
145	19:38:07:315	Server	 		ljaybrad123 built a road.	 	 
146	19:38:11:383	gotwood4sheep	clay=0; ore=1; sheep=0; wheat=1; wood=0; unknown=0; knights=0; dev-cards=0	roads=[105,139]; settlements=[105,156]	good luck all :)	 	 
147	19:38:15:642	Server	 		tomas.kostan rolled a 6 and a 4.	 	 
148	19:38:15:643	Server	 		gotwood4sheep gets 1 wheat. tomas.kostan gets 1 wood.	 	 
149	19:38:16:043	gotwood4sheep	clay=0; ore=1; sheep=0; wheat=2; wood=0; unknown=0; knights=0; dev-cards=0	roads=[105,139]; settlements=[105,156]	no 7s :D	 	 
150	19:38:25:635	tomas.kostan	clay=0; ore=0; sheep=1; wheat=2; wood=1; unknown=0; knights=0; dev-cards=0	roads=[84,152]; settlements=[101,169]	clay, ore?	 	 
151	19:38:30:966	tomas.kostan	clay=0; ore=0; sheep=1; wheat=2; wood=1; unknown=0; knights=0; dev-cards=0	roads=[84,152]; settlements=[101,169]	and gl to you too!	 	 
152	19:38:32:999	gotwood4sheep	clay=0; ore=1; sheep=0; wheat=2; wood=0; unknown=0; knights=0; dev-cards=0	roads=[105,139]; settlements=[105,156]	none to spare just yet :)	 	 
153	19:38:39:551	gotwood4sheep	clay=0; ore=1; sheep=0; wheat=2; wood=0; unknown=0; knights=0; dev-cards=0	roads=[105,139]; settlements=[105,156]	laura will be our ore mine i think :D	 	 
154	19:38:41:163	ljaybrad123	clay=1; ore=1; sheep=0; wheat=0; wood=0; unknown=0; knights=0; dev-cards=0	roads=[138,69; 69,137]; settlements=[154,69]	keeping mine just yet	 	 
155	19:38:45:987	Server	 		gotwood4sheep rolled a 4 and a 2.	 	 
156	19:38:45:987	Server	 		gotwood4sheep gets 1 clay. tomas.kostan gets 1 wheat.	 	 
157	19:38:50:277	gotwood4sheep	clay=1; ore=1; sheep=0; wheat=2; wood=0; unknown=0; knights=0; dev-cards=0	roads=[105,139]; settlements=[105,156]	anyone got wood?	 	 
158	19:38:53:150	ljaybrad123	clay=1; ore=1; sheep=0; wheat=0; wood=0; unknown=0; knights=0; dev-cards=0	roads=[138,69; 69,137]; settlements=[154,69]	no	 	 
159	19:39:06:993	gotwood4sheep	clay=1; ore=1; sheep=0; wheat=2; wood=0; unknown=0; knights=0; dev-cards=0	roads=[105,139]; settlements=[105,156]	ore for a wood, tomas?	 	 
160	19:39:08:934	tomas.kostan	clay=0; ore=0; sheep=1; wheat=3; wood=1; unknown=0; knights=0; dev-cards=0	roads=[84,152]; settlements=[101,169]	yes but i need mine	 	 
161	19:39:12:613	gotwood4sheep	clay=1; ore=1; sheep=0; wheat=2; wood=0; unknown=0; knights=0; dev-cards=0	roads=[105,139]; settlements=[105,156]	ore more?	 	 
162	19:39:20:751	tomas.kostan	clay=0; ore=0; sheep=1; wheat=3; wood=1; unknown=0; knights=0; dev-cards=0	roads=[84,152]; settlements=[101,169]	2 ore for a wood?	 	 
163	19:39:27:320	gotwood4sheep	clay=1; ore=1; sheep=0; wheat=2; wood=0; unknown=0; knights=0; dev-cards=0	roads=[105,139]; settlements=[105,156]	i don't have 2, sorry, just the one	 	 
164	19:39:31:327	gotwood4sheep	clay=1; ore=1; sheep=0; wheat=2; wood=0; unknown=0; knights=0; dev-cards=0	roads=[105,139]; settlements=[105,156]	early doors, early offers :)	 	 
165	19:39:43:039	tomas.kostan	clay=0; ore=0; sheep=1; wheat=3; wood=1; unknown=0; knights=0; dev-cards=0	roads=[84,152]; settlements=[101,169]	then i cannot make you a deal	 	 
166	19:39:47:629	tomas.kostan	clay=0; ore=0; sheep=1; wheat=3; wood=1; unknown=0; knights=0; dev-cards=0	roads=[84,152]; settlements=[101,169]	sry	 	 
167	19:39:49:590	gotwood4sheep	clay=1; ore=1; sheep=0; wheat=2; wood=0; unknown=0; knights=0; dev-cards=0	roads=[105,139]; settlements=[105,156]	ah dommage :(	 	 
168	19:39:52:664	Server	 		gotwood4sheep traded 2 wheat for 1 wood from a port.	 	 
169	19:39:54:970	Server	 		gotwood4sheep built a road.	 	 
170	19:39:59:271	Server	 		ljaybrad123 rolled a 1 and a 5.	 	 
171	19:39:59:272	Server	 		gotwood4sheep gets 1 clay. tomas.kostan gets 1 wheat.	 	 
172	19:40:11:641	Server	 		tomas.kostan rolled a 5 and a 5.	 	 
173	19:40:11:642	Server	 		gotwood4sheep gets 1 wheat. tomas.kostan gets 1 wood.	 	 
174	19:40:32:296	tomas.kostan	clay=0; ore=0; sheep=1; wheat=4; wood=2; unknown=0; knights=0; dev-cards=0	roads=[84,152]; settlements=[101,169]	still no clay or ore to sprae?	 	 
175	19:40:35:943	tomas.kostan	clay=0; ore=0; sheep=1; wheat=4; wood=2; unknown=0; knights=0; dev-cards=0	roads=[84,152]; settlements=[101,169]	*spare	 	 
176	19:40:40:668	ljaybrad123	clay=1; ore=1; sheep=0; wheat=0; wood=0; unknown=0; knights=0; dev-cards=0	roads=[138,69; 69,137]; settlements=[154,69]	i could spare ore	 	 
177	19:40:43:932	gotwood4sheep	clay=1; ore=1; sheep=0; wheat=1; wood=0; unknown=0; knights=0; dev-cards=0	roads=[105,139; 139,122]; settlements=[105,156]	i got ore	 	 
178	19:40:46:944	gotwood4sheep	clay=1; ore=1; sheep=0; wheat=1; wood=0; unknown=0; knights=0; dev-cards=0	roads=[105,139; 139,122]; settlements=[105,156]	i would like a wood	 	 
179	19:40:50:285	ljaybrad123	clay=1; ore=1; sheep=0; wheat=0; wood=0; unknown=0; knights=0; dev-cards=0	roads=[138,69; 69,137]; settlements=[154,69]	me too	 	 
180	19:40:51:720	gotwood4sheep	clay=1; ore=1; sheep=0; wheat=1; wood=0; unknown=0; knights=0; dev-cards=0	roads=[105,139; 139,122]; settlements=[105,156]	but lj may be able to up the offer	 	 
181	19:41:01:659	gotwood4sheep	clay=1; ore=1; sheep=0; wheat=1; wood=0; unknown=0; knights=0; dev-cards=0	roads=[105,139; 139,122]; settlements=[105,156]	aww we're falling over ourselves :)	 	 
182	19:41:02:145	tomas.kostan	clay=0; ore=0; sheep=1; wheat=4; wood=2; unknown=0; knights=0; dev-cards=0	roads=[84,152]; settlements=[101,169]	hmm...	 	 
183	19:41:11:801	gotwood4sheep	clay=1; ore=1; sheep=0; wheat=1; wood=0; unknown=0; knights=0; dev-cards=0	roads=[105,139; 139,122]; settlements=[105,156]	flip a coin ;)	 	 
184	19:41:16:560	tomas.kostan	clay=0; ore=0; sheep=1; wheat=4; wood=2; unknown=0; knights=0; dev-cards=0	roads=[84,152]; settlements=[101,169]	ok niko wood for ore?	 	 
185	19:41:22:350	gotwood4sheep	clay=1; ore=1; sheep=0; wheat=1; wood=0; unknown=0; knights=0; dev-cards=0	roads=[105,139; 139,122]; settlements=[105,156]	sure :)	 	 
186	19:41:33:217	Server	 		tomas.kostan made an offer to trade 1 wood for 1 ore.	 	 
187	19:41:39:066	gotwood4sheep	clay=1; ore=1; sheep=0; wheat=1; wood=0; unknown=0; knights=0; dev-cards=0	roads=[105,139; 139,122]; settlements=[105,156]	haha owned :)	 	 
188	19:41:48:143	ljaybrad123	clay=1; ore=1; sheep=0; wheat=0; wood=0; unknown=0; knights=0; dev-cards=0	roads=[138,69; 69,137]; settlements=[154,69]	the temotation to accept...	 	 
189	19:41:57:376	gotwood4sheep	clay=1; ore=1; sheep=0; wheat=1; wood=0; unknown=0; knights=0; dev-cards=0	roads=[105,139; 139,122]; settlements=[105,156]	aww what a sportsperson ;)	 	 
190	19:41:59:665	tomas.kostan	clay=0; ore=0; sheep=1; wheat=4; wood=2; unknown=0; knights=0; dev-cards=0	roads=[84,152]; settlements=[101,169]	omg i am so stupid...	 	 
191	19:42:03:554	ljaybrad123	clay=1; ore=1; sheep=0; wheat=0; wood=0; unknown=0; knights=0; dev-cards=0	roads=[138,69; 69,137]; settlements=[154,69]	for now.	 	 
192	19:42:15:636	gotwood4sheep	clay=1; ore=1; sheep=0; wheat=1; wood=0; unknown=0; knights=0; dev-cards=0	roads=[105,139; 139,122]; settlements=[105,156]	lol no worries tomas	 	 
193	19:42:17:049	tomas.kostan	clay=0; ore=0; sheep=1; wheat=4; wood=2; unknown=0; knights=0; dev-cards=0	roads=[84,152]; settlements=[101,169]	sry niko and thank you lj	 	 
194	19:42:20:616	gotwood4sheep	clay=1; ore=1; sheep=0; wheat=1; wood=0; unknown=0; knights=0; dev-cards=0	roads=[105,139; 139,122]; settlements=[105,156]	the new interface is prettier	 	 
195	19:42:25:106	gotwood4sheep	clay=1; ore=1; sheep=0; wheat=1; wood=0; unknown=0; knights=0; dev-cards=0	roads=[105,139; 139,122]; settlements=[105,156]	has anyone done markus's extra project?	 	 
196	19:42:28:955	ljaybrad123	clay=1; ore=1; sheep=0; wheat=0; wood=0; unknown=0; knights=0; dev-cards=0	roads=[138,69; 69,137]; settlements=[154,69]	new interface?	 	 
197	19:42:31:801	Server	 		tomas.kostan made an offer to trade 1 wood for 1 ore.	 	 
198	19:42:32:256	ljaybrad123	clay=1; ore=1; sheep=0; wheat=0; wood=0; unknown=0; knights=0; dev-cards=0	roads=[138,69; 69,137]; settlements=[154,69]	not yet	 	 
199	19:42:34:030	Server	 		tomas.kostan traded 1 wood for 1 ore from gotwood4sheep.	 	 
200	19:42:36:492	ljaybrad123	clay=1; ore=1; sheep=0; wheat=0; wood=0; unknown=0; knights=0; dev-cards=0	roads=[138,69; 69,137]; settlements=[154,69]	i will be doing	 	 
201	19:42:45:725	gotwood4sheep	clay=1; ore=0; sheep=0; wheat=1; wood=1; unknown=0; knights=0; dev-cards=0	roads=[105,139; 139,122]; settlements=[105,156]	it's build 1.1.13, has a few extra features	 	 
202	19:42:53:316	Server	 		gotwood4sheep rolled a 4 and a 2.	 	 
203	19:42:53:317	Server	 		gotwood4sheep gets 1 clay. tomas.kostan gets 1 wheat.	 	 
204	19:42:55:758	Server	 		gotwood4sheep built a road.	 	 
205	19:43:00:464	Server	 		ljaybrad123 rolled a 2 and a 5.	 	 
206	19:43:04:457	gotwood4sheep	clay=1; ore=0; sheep=0; wheat=1; wood=0; unknown=0; knights=0; dev-cards=0	roads=[105,139; 139,122; 122,106]; settlements=[105,156]	rut-ro	 	 
207	19:43:22:345	gotwood4sheep	clay=0; ore=0; sheep=0; wheat=1; wood=0; unknown=0; knights=0; dev-cards=0	roads=[105,139; 139,122; 122,106]; settlements=[105,156]	don't spend it all at once ;)	 	 
208	19:43:38:896	Server	 		tomas.kostan rolled a 4 and a 6.	 	 
209	19:43:38:896	Server	 		gotwood4sheep gets 1 wheat. tomas.kostan gets 1 wood.	 	 
210	19:43:44:862	tomas.kostan	clay=0; ore=0; sheep=0; wheat=4; wood=2; unknown=0; knights=0; dev-cards=1	roads=[84,152]; settlements=[101,169]	no clay?	 	 
211	19:43:50:327	ljaybrad123	clay=2; ore=1; sheep=0; wheat=0; wood=0; unknown=0; knights=0; dev-cards=0	roads=[138,69; 69,137]; settlements=[154,69]	i have clay	 	 
212	19:43:51:332	gotwood4sheep	clay=0; ore=0; sheep=0; wheat=2; wood=0; unknown=0; knights=0; dev-cards=0	roads=[105,139; 139,122; 122,106]; settlements=[105,156]	LJ has one	 	 
213	19:43:54:761	ljaybrad123	clay=2; ore=1; sheep=0; wheat=0; wood=0; unknown=0; knights=0; dev-cards=0	roads=[138,69; 69,137]; settlements=[154,69]	I want wood	 	 
214	19:43:56:178	gotwood4sheep	clay=0; ore=0; sheep=0; wheat=2; wood=0; unknown=0; knights=0; dev-cards=0	roads=[105,139; 139,122; 122,106]; settlements=[105,156]	my one grrrrrr	 	 
215	19:44:00:603	ljaybrad123	clay=2; ore=1; sheep=0; wheat=0; wood=0; unknown=0; knights=0; dev-cards=0	roads=[138,69; 69,137]; settlements=[154,69]	:D	 	 
216	19:44:03:533	tomas.kostan	clay=0; ore=0; sheep=0; wheat=4; wood=2; unknown=0; knights=0; dev-cards=1	roads=[84,152]; settlements=[101,169]	ok :)	 	 
217	19:44:12:113	Server	 		tomas.kostan made an offer to trade 1 wood for 1 clay.	 	 
218	19:44:14:611	Server	 		tomas.kostan traded 1 wood for 1 clay from ljaybrad123.	 	 
219	19:44:19:881	Server	 		tomas.kostan built a road.	 	 
220	19:44:25:309	Server	 		gotwood4sheep rolled a 6 and a 4.	 	 
221	19:44:25:309	Server	 		gotwood4sheep gets 1 wheat. tomas.kostan gets 1 wood.	 	 
222	19:44:30:078	Server	 		ljaybrad123 rolled a 1 and a 3.	 	 
223	19:44:30:078	Server	 		ljaybrad123 gets 1 ore, 1 sheep. tomas.kostan gets 1 sheep.	 	 
224	19:44:41:560	Server	 		ljaybrad123 built a road.	 	 
225	19:44:48:963	ljaybrad123	clay=0; ore=2; sheep=1; wheat=0; wood=0; unknown=0; knights=0; dev-cards=0	roads=[138,69; 69,137; 137,120]; settlements=[154,69]	anyone have wheat for ore?	 	 
226	19:44:55:423	gotwood4sheep	clay=0; ore=0; sheep=0; wheat=3; wood=0; unknown=0; knights=0; dev-cards=0	roads=[105,139; 139,122; 122,106]; settlements=[105,156]	afraid not	 	 
227	19:45:02:086	tomas.kostan	clay=0; ore=0; sheep=1; wheat=4; wood=1; unknown=0; knights=0; dev-cards=1	roads=[84,152; 152,135]; settlements=[101,169]	i do :)	 	 
228	19:45:15:847	Server	 		ljaybrad123 made an offer to trade 1 ore for 1 wheat.	 	 
229	19:45:19:768	Server	 		ljaybrad123 traded 1 ore for 1 wheat from tomas.kostan.	 	 
230	19:45:32:874	Server	 		tomas.kostan rolled a 4 and a 2.	 	 
231	19:45:32:875	Server	 		gotwood4sheep gets 1 clay. tomas.kostan gets 1 wheat.	 	 
232	19:45:41:641	tomas.kostan	clay=0; ore=1; sheep=1; wheat=4; wood=1; unknown=0; knights=0; dev-cards=1	roads=[84,152; 152,135]; settlements=[101,169]	clay?	 	 
233	19:45:51:217	gotwood4sheep	clay=1; ore=0; sheep=0; wheat=3; wood=0; unknown=0; knights=0; dev-cards=0	roads=[105,139; 139,122; 122,106]; settlements=[105,156]	I would need a sheep and a wood I'm afraid	 	 
234	19:45:53:936	gotwood4sheep	clay=1; ore=0; sheep=0; wheat=3; wood=0; unknown=0; knights=0; dev-cards=0	roads=[105,139; 139,122; 122,106]; settlements=[105,156]	too pricey I think	 	 
235	19:46:06:383	tomas.kostan	clay=0; ore=1; sheep=1; wheat=4; wood=1; unknown=0; knights=0; dev-cards=1	roads=[84,152; 152,135]; settlements=[101,169]	i can give you 2 wheat that will give a free resource :)	 	 
236	19:46:15:448	gotwood4sheep	clay=1; ore=0; sheep=0; wheat=3; wood=0; unknown=0; knights=0; dev-cards=0	roads=[105,139; 139,122; 122,106]; settlements=[105,156]	but i'd then need to spend it on the clay lol	 	 
237	19:46:48:432	tomas.kostan	clay=0; ore=1; sheep=1; wheat=4; wood=1; unknown=0; knights=0; dev-cards=1	roads=[84,152; 152,135]; settlements=[101,169]	ok 3 wheat!	 	 
238	19:46:54:680	gotwood4sheep	clay=1; ore=0; sheep=0; wheat=3; wood=0; unknown=0; knights=0; dev-cards=0	roads=[105,139; 139,122; 122,106]; settlements=[105,156]	aww go on then	 	 
239	19:46:57:060	gotwood4sheep	clay=1; ore=0; sheep=0; wheat=3; wood=0; unknown=0; knights=0; dev-cards=0	roads=[105,139; 139,122; 122,106]; settlements=[105,156]	you drive a hard bargain	 	 
240	19:47:09:197	gotwood4sheep	clay=1; ore=0; sheep=0; wheat=3; wood=0; unknown=0; knights=0; dev-cards=0	roads=[105,139; 139,122; 122,106]; settlements=[105,156]	that price is too good	 	 
241	19:47:11:032	Server	 		tomas.kostan made an offer to trade 3 wheat for 1 clay.	 	 
242	19:47:13:642	Server	 		tomas.kostan traded 3 wheat for 1 clay from gotwood4sheep.	 	 
243	19:47:18:433	Server	 		tomas.kostan built a settlement.	 	 
244	19:47:23:314	gotwood4sheep	clay=0; ore=0; sheep=0; wheat=6; wood=0; unknown=0; knights=0; dev-cards=0	roads=[105,139; 139,122; 122,106]; settlements=[105,156]	i'll admit it doesn't necessarily work great for me	 	 
245	19:47:24:681	Server	 		gotwood4sheep rolled a 2 and a 1.	 	 
246	19:47:24:681	Server	 		ljaybrad123 gets 1 wood. tomas.kostan gets 1 wood.	 	 
247	19:47:41:110	gotwood4sheep	clay=0; ore=0; sheep=0; wheat=6; wood=0; unknown=0; knights=0; dev-cards=0	roads=[105,139; 139,122; 122,106]; settlements=[105,156]	anyone want to trade ore or sheep for these wheat?!	 	 
248	19:47:51:062	gotwood4sheep	clay=0; ore=0; sheep=0; wheat=6; wood=0; unknown=0; knights=0; dev-cards=0	roads=[105,139; 139,122; 122,106]; settlements=[105,156]	or wood for a wheat?	 	 
249	19:47:52:133	tomas.kostan	clay=0; ore=1; sheep=0; wheat=0; wood=1; unknown=0; knights=0; dev-cards=1	roads=[84,152; 152,135]; settlements=[101,169; 169,135]	no :D	 	 
250	19:48:08:079	ljaybrad123	clay=0; ore=0; sheep=0; wheat=0; wood=1; unknown=0; knights=0; dev-cards=1	roads=[138,69; 69,137; 137,120]; settlements=[154,69]	nope	 	 
251	19:48:09:087	gotwood4sheep	clay=0; ore=0; sheep=0; wheat=6; wood=0; unknown=0; knights=0; dev-cards=0	roads=[105,139; 139,122; 122,106]; settlements=[105,156]	kk no worries ;)	 	 
252	19:48:13:437	Server	 		gotwood4sheep traded 4 wheat for 1 ore, 1 sheep from a port.	 	 
253	19:48:19:248	Server	 		ljaybrad123 rolled a 1 and a 5.	 	 
254	19:48:19:248	Server	 		gotwood4sheep gets 1 clay. tomas.kostan gets 1 wheat.	 	 
255	19:48:30:072	Server	 		tomas.kostan rolled a 4 and a 4.	 	 
256	19:48:30:072	Server	 		gotwood4sheep gets 1 ore. ljaybrad123 gets 1 ore. tomas.kostan gets 1 clay.	 	 
257	19:48:34:103	Server	 		tomas.kostan built a road.	 	 
258	19:48:54:636	Server	 		gotwood4sheep rolled a 4 and a 1.	 	 
259	19:48:54:636	Server	 		gotwood4sheep gets 1 wood. ljaybrad123 gets 1 wood.	 	 
260	19:49:00:739	gotwood4sheep	clay=1; ore=2; sheep=0; wheat=1; wood=1; unknown=0; knights=1; dev-cards=0	roads=[105,139; 139,122; 122,106]; settlements=[105,156]	anyone got sheep?	 	 
261	19:49:03:297	gotwood4sheep	clay=1; ore=2; sheep=0; wheat=1; wood=1; unknown=0; knights=1; dev-cards=0	roads=[105,139; 139,122; 122,106]; settlements=[105,156]	I can offer an ore	 	 
262	19:49:12:663	ljaybrad123	clay=0; ore=0; sheep=0; wheat=0; wood=2; unknown=0; knights=0; dev-cards=1	roads=[138,69; 69,137; 137,120]; settlements=[154,69]	no	 	 
263	19:49:13:981	tomas.kostan	clay=0; ore=1; sheep=0; wheat=1; wood=0; unknown=0; knights=0; dev-cards=1	roads=[84,152; 152,135; 135,67]; settlements=[101,169; 169,135]	no sheep sry	 	 
264	19:49:16:826	gotwood4sheep	clay=1; ore=2; sheep=0; wheat=1; wood=1; unknown=0; knights=1; dev-cards=0	roads=[105,139; 139,122; 122,106]; settlements=[105,156]	pas de problems ;)	 	 
265	19:49:32:924	gotwood4sheep	clay=1; ore=2; sheep=0; wheat=1; wood=1; unknown=0; knights=1; dev-cards=0	roads=[105,139; 139,122; 122,106]; settlements=[105,156]	des*	 	 
266	19:49:36:412	gotwood4sheep	clay=1; ore=2; sheep=0; wheat=1; wood=1; unknown=0; knights=1; dev-cards=0	roads=[105,139; 139,122; 122,106]; settlements=[105,156]	my french not so good	 	 
267	19:49:45:900	Server	 		ljaybrad123 rolled a 6 and a 4.	 	 
268	19:49:45:900	Server	 		gotwood4sheep gets 1 wheat. tomas.kostan gets 2 wood.	 	 
269	19:50:03:747	ljaybrad123	clay=0; ore=0; sheep=0; wheat=0; wood=2; unknown=0; knights=0; dev-cards=1	roads=[138,69; 69,137; 137,120]; settlements=[154,69]	anyone have clay for wood?	 	 
270	19:50:08:226	gotwood4sheep	clay=1; ore=2; sheep=0; wheat=2; wood=1; unknown=0; knights=1; dev-cards=0	roads=[105,139; 139,122; 122,106]; settlements=[105,156]	frayed knot	 	 
271	19:50:16:859	tomas.kostan	clay=0; ore=1; sheep=0; wheat=1; wood=2; unknown=0; knights=0; dev-cards=1	roads=[84,152; 152,135; 135,67]; settlements=[101,169; 169,135]	nope	 	 
272	19:50:21:503	Server	 		tomas.kostan rolled a 6 and a 5.	 	 
273	19:50:21:504	Server	 		ljaybrad123 gets 1 clay. tomas.kostan gets 1 sheep.	 	 
274	19:50:34:855	Server	 		gotwood4sheep rolled a 6 and a 5.	 	 
275	19:50:34:856	Server	 		ljaybrad123 gets 1 clay. tomas.kostan gets 1 sheep.	 	 
276	19:50:39:357	gotwood4sheep	clay=1; ore=2; sheep=0; wheat=2; wood=1; unknown=0; knights=1; dev-cards=0	roads=[105,139; 139,122; 122,106]; settlements=[105,156]	tomaaaaasss	 	 
277	19:50:43:284	gotwood4sheep	clay=1; ore=2; sheep=0; wheat=2; wood=1; unknown=0; knights=1; dev-cards=0	roads=[105,139; 139,122; 122,106]; settlements=[105,156]	I'd love a sheep...	 	 
278	19:50:47:810	tomas.kostan	clay=0; ore=1; sheep=2; wheat=1; wood=2; unknown=0; knights=0; dev-cards=1	roads=[84,152; 152,135; 135,67]; settlements=[101,169; 169,135]	yes? :)	 	 
279	19:50:56:133	tomas.kostan	clay=0; ore=1; sheep=2; wheat=1; wood=2; unknown=0; knights=0; dev-cards=1	roads=[84,152; 152,135; 135,67]; settlements=[101,169; 169,135]	only for a clay	 	 
280	19:51:01:499	gotwood4sheep	clay=1; ore=2; sheep=0; wheat=2; wood=1; unknown=0; knights=1; dev-cards=0	roads=[105,139; 139,122; 122,106]; settlements=[105,156]	i need my clay	 	 
281	19:51:03:601	gotwood4sheep	clay=1; ore=2; sheep=0; wheat=2; wood=1; unknown=0; knights=1; dev-cards=0	roads=[105,139; 139,122; 122,106]; settlements=[105,156]	an ore?	 	 
282	19:51:05:759	gotwood4sheep	clay=1; ore=2; sheep=0; wheat=2; wood=1; unknown=0; knights=1; dev-cards=0	roads=[105,139; 139,122; 122,106]; settlements=[105,156]	a wheat?	 	 
283	19:51:07:156	tomas.kostan	clay=0; ore=1; sheep=2; wheat=1; wood=2; unknown=0; knights=0; dev-cards=1	roads=[84,152; 152,135; 135,67]; settlements=[101,169; 169,135]	thought so	 	 
284	19:51:15:752	tomas.kostan	clay=0; ore=1; sheep=2; wheat=1; wood=2; unknown=0; knights=0; dev-cards=1	roads=[84,152; 152,135; 135,67]; settlements=[101,169; 169,135]	an ore + wheat?	 	 
285	19:51:23:081	gotwood4sheep	clay=1; ore=2; sheep=0; wheat=2; wood=1; unknown=0; knights=1; dev-cards=0	roads=[105,139; 139,122; 122,106]; settlements=[105,156]	deal :)	 	 
286	19:51:29:241	Server	 		gotwood4sheep made an offer to trade 1 ore, 1 wheat for 1 sheep.	 	 
287	19:51:34:767	Server	 		gotwood4sheep traded 1 ore, 1 wheat for 1 sheep from tomas.kostan.	 	 
288	19:51:35:885	gotwood4sheep	clay=1; ore=1; sheep=1; wheat=1; wood=1; unknown=0; knights=1; dev-cards=0	roads=[105,139; 139,122; 122,106]; settlements=[105,156]	merci	 	 
289	19:51:39:200	tomas.kostan	clay=0; ore=2; sheep=1; wheat=2; wood=2; unknown=0; knights=0; dev-cards=1	roads=[84,152; 152,135; 135,67]; settlements=[101,169; 169,135]	thx	 	 
290	19:51:39:466	Server	 		gotwood4sheep built a settlement.	 	 
291	19:51:46:661	Server	 		ljaybrad123 rolled a 5 and a 5.	 	 
292	19:51:46:661	Server	 		gotwood4sheep gets 2 wheat. tomas.kostan gets 2 wood.	 	 
293	19:51:54:783	Server	 		ljaybrad123 built a road.	 	 
294	19:52:01:941	Server	 		ljaybrad123 built a road.	 	 
295	19:52:10:934	gotwood4sheep	clay=0; ore=1; sheep=0; wheat=2; wood=0; unknown=0; knights=1; dev-cards=0	roads=[105,139; 139,122; 122,106]; settlements=[105,156; 156,107]	look at that highway	 	 
296	19:52:24:502	tomas.kostan	clay=0; ore=2; sheep=1; wheat=2; wood=4; unknown=0; knights=0; dev-cards=1	roads=[84,152; 152,135; 135,67]; settlements=[101,169; 169,135]	again :D	 	 
297	19:52:27:105	Server	 		tomas.kostan rolled a 6 and a 2.	 	 
298	19:52:27:105	Server	 		gotwood4sheep gets 1 ore. ljaybrad123 gets 1 ore. tomas.kostan gets 1 clay.	 	 
299	19:52:39:411	tomas.kostan	clay=1; ore=2; sheep=1; wheat=2; wood=4; unknown=0; knights=0; dev-cards=1	roads=[84,152; 152,135; 135,67]; settlements=[101,169; 169,135]	ore?	 	 
300	19:52:50:830	gotwood4sheep	clay=0; ore=2; sheep=0; wheat=2; wood=0; unknown=0; knights=1; dev-cards=0	roads=[105,139; 139,122; 122,106]; settlements=[105,156; 156,107]	we both have, what's on offer :)	 	 
301	19:52:59:190	tomas.kostan	clay=1; ore=2; sheep=1; wheat=2; wood=4; unknown=0; knights=0; dev-cards=1	roads=[84,152; 152,135; 135,67]; settlements=[101,169; 169,135]	wood?	 	 
302	19:53:09:432	gotwood4sheep	clay=0; ore=2; sheep=0; wheat=2; wood=0; unknown=0; knights=1; dev-cards=0	roads=[105,139; 139,122; 122,106]; settlements=[105,156; 156,107]	i think i need sheep more, am afraid	 	 
303	19:53:22:390	tomas.kostan	clay=1; ore=2; sheep=1; wheat=2; wood=4; unknown=0; knights=0; dev-cards=1	roads=[84,152; 152,135; 135,67]; settlements=[101,169; 169,135]	2 wood?	 	 
304	19:53:32:211	gotwood4sheep	clay=0; ore=2; sheep=0; wheat=2; wood=0; unknown=0; knights=1; dev-cards=0	roads=[105,139; 139,122; 122,106]; settlements=[105,156; 156,107]	sorry, wood's not on my menu	 	 
305	19:53:37:365	tomas.kostan	clay=1; ore=2; sheep=1; wheat=2; wood=4; unknown=0; knights=0; dev-cards=1	roads=[84,152; 152,135; 135,67]; settlements=[101,169; 169,135]	:) ok	 	 
306	19:53:37:682	gotwood4sheep	clay=0; ore=2; sheep=0; wheat=2; wood=0; unknown=0; knights=1; dev-cards=0	roads=[105,139; 139,122; 122,106]; settlements=[105,156; 156,107]	lj has kind of soured my wood desires	 	 
307	19:53:39:496	ljaybrad123	clay=0; ore=1; sheep=0; wheat=0; wood=0; unknown=0; knights=0; dev-cards=1	roads=[138,69; 69,137; 137,120; 120,103; 103,86]; settlements=[154,69]	ill take 2 wood for an ore	 	 
308	19:53:44:555	tomas.kostan	clay=1; ore=2; sheep=1; wheat=2; wood=4; unknown=0; knights=0; dev-cards=1	roads=[84,152; 152,135; 135,67]; settlements=[101,169; 169,135]	great!	 	 
309	19:53:51:279	gotwood4sheep	clay=0; ore=2; sheep=0; wheat=2; wood=0; unknown=0; knights=1; dev-cards=0	roads=[105,139; 139,122; 122,106]; settlements=[105,156; 156,107]	1 sheep is cheaper if you have it...	 	 
310	19:53:56:472	Server	 		tomas.kostan made an offer to trade 2 wood for 1 ore.	 	 
311	19:53:59:461	Server	 		tomas.kostan traded 2 wood for 1 ore from ljaybrad123.	 	 
312	19:54:03:148	tomas.kostan	clay=1; ore=3; sheep=1; wheat=2; wood=2; unknown=0; knights=0; dev-cards=1	roads=[84,152; 152,135; 135,67]; settlements=[101,169; 169,135]	need my sheep sry	 	 
313	19:54:06:399	gotwood4sheep	clay=0; ore=2; sheep=0; wheat=2; wood=0; unknown=0; knights=1; dev-cards=0	roads=[105,139; 139,122; 122,106]; settlements=[105,156; 156,107]	no worries!	 	 
314	19:54:09:118	Server	 		tomas.kostan built a city.	 	 
315	19:54:10:050	gotwood4sheep	clay=0; ore=2; sheep=0; wheat=2; wood=0; unknown=0; knights=1; dev-cards=0	roads=[105,139; 139,122; 122,106]; settlements=[105,156; 156,107]	I appreciate the economics :D	 	 
316	19:54:34:585	tomas.kostan	clay=1; ore=0; sheep=1; wheat=0; wood=2; unknown=0; knights=0; dev-cards=1	roads=[84,152; 152,135; 135,67]; settlements=[101,135]	lj can you offer a wheat for a wood?	 	 
317	19:54:44:504	ljaybrad123	clay=0; ore=0; sheep=0; wheat=0; wood=2; unknown=0; knights=0; dev-cards=1	roads=[138,69; 69,137; 137,120; 120,103; 103,86]; settlements=[154,69]	i only have food	 	 
318	19:54:49:934	ljaybrad123	clay=0; ore=0; sheep=0; wheat=0; wood=2; unknown=0; knights=0; dev-cards=1	roads=[138,69; 69,137; 137,120; 120,103; 103,86]; settlements=[154,69]	wood	 	 
319	19:54:52:773	ljaybrad123	clay=0; ore=0; sheep=0; wheat=0; wood=2; unknown=0; knights=0; dev-cards=1	roads=[138,69; 69,137; 137,120; 120,103; 103,86]; settlements=[154,69]	not fod	 	 
320	19:54:54:264	gotwood4sheep	clay=0; ore=2; sheep=0; wheat=2; wood=0; unknown=0; knights=1; dev-cards=0	roads=[105,139; 139,122; 122,106]; settlements=[105,156; 156,107]	mmm food.	 	 
321	19:55:10:505	tomas.kostan	clay=1; ore=0; sheep=1; wheat=0; wood=2; unknown=0; knights=0; dev-cards=1	roads=[84,152; 152,135; 135,67]; settlements=[101,135]	oh i see now )	 	 
322	19:55:14:822	Server	 		gotwood4sheep rolled a 4 and a 1.	 	 
323	19:55:14:822	Server	 		gotwood4sheep gets 1 wood. ljaybrad123 gets 1 wood.	 	 
324	19:55:27:947	Server	 		ljaybrad123 rolled a 4 and a 3.	 	 
325	19:55:32:289	gotwood4sheep	clay=0; ore=2; sheep=0; wheat=2; wood=1; unknown=0; knights=1; dev-cards=0	roads=[105,139; 139,122; 122,106]; settlements=[105,156; 156,107]	uh oooohhhh	 	 
326	19:55:42:072	gotwood4sheep	clay=0; ore=2; sheep=0; wheat=2; wood=1; unknown=0; knights=1; dev-cards=0	roads=[105,139; 139,122; 122,106]; settlements=[105,156; 156,107]	stop that city :D	 	 
327	19:55:42:126	Server	 		ljaybrad123 built a road.	 	 
328	19:55:45:933	tomas.kostan	clay=0; ore=0; sheep=1; wheat=0; wood=2; unknown=0; knights=0; dev-cards=1	roads=[84,152; 152,135; 135,67]; settlements=[101,135]	nooooo :D	 	 
329	19:55:52:750	Server	 		tomas.kostan rolled a 4 and a 1.	 	 
330	19:55:52:751	Server	 		gotwood4sheep gets 1 wood. ljaybrad123 gets 1 wood.	 	 
331	19:56:12:043	Server	 		gotwood4sheep rolled a 2 and a 4.	 	 
332	19:56:12:043	Server	 		gotwood4sheep gets 1 clay. tomas.kostan gets 2 wheat.	 	 
333	19:56:22:647	gotwood4sheep	clay=1; ore=2; sheep=0; wheat=2; wood=2; unknown=0; knights=1; dev-cards=0	roads=[105,139; 139,122; 122,106]; settlements=[105,156; 156,107]	anyone got ore or sheep?	 	 
334	19:56:29:246	ljaybrad123	clay=0; ore=0; sheep=0; wheat=0; wood=3; unknown=0; knights=0; dev-cards=1	roads=[138,69; 69,137; 137,120; 120,103; 103,86; 86,154]; settlements=[154,69]	i have wood	 	 
335	19:56:33:934	gotwood4sheep	clay=1; ore=2; sheep=0; wheat=2; wood=2; unknown=0; knights=1; dev-cards=0	roads=[105,139; 139,122; 122,106]; settlements=[105,156; 156,107]	so do i :)	 	 
336	19:56:35:275	tomas.kostan	clay=0; ore=0; sheep=1; wheat=2; wood=2; unknown=0; knights=0; dev-cards=1	roads=[84,152; 152,135; 135,67]; settlements=[101,135]	me too :D	 	 
337	19:56:44:514	gotwood4sheep	clay=1; ore=2; sheep=0; wheat=2; wood=2; unknown=0; knights=1; dev-cards=0	roads=[105,139; 139,122; 122,106]; settlements=[105,156; 156,107]	we're fully forested	 	 
338	19:56:46:190	tomas.kostan	clay=0; ore=0; sheep=1; wheat=2; wood=2; unknown=0; knights=0; dev-cards=1	roads=[84,152; 152,135; 135,67]; settlements=[101,135]	and wheat if you want some :)	 	 
339	19:57:00:687	gotwood4sheep	clay=1; ore=2; sheep=0; wheat=2; wood=2; unknown=0; knights=1; dev-cards=0	roads=[105,139; 139,122; 122,106]; settlements=[105,156; 156,107]	I'd need 2 wheat, and can only offer clay or wood	 	 
340	19:57:14:490	tomas.kostan	clay=0; ore=0; sheep=1; wheat=2; wood=2; unknown=0; knights=0; dev-cards=1	roads=[84,152; 152,135; 135,67]; settlements=[101,135]	that does not work for me sry	 	 
341	19:57:18:757	gotwood4sheep	clay=1; ore=2; sheep=0; wheat=2; wood=2; unknown=0; knights=1; dev-cards=0	roads=[105,139; 139,122; 122,106]; settlements=[105,156; 156,107]	no worries :)	 	 
342	19:57:35:469	Server	 		gotwood4sheep built a road.	 	 
343	19:57:40:114	Server	 		ljaybrad123 rolled a 4 and a 1.	 	 
344	19:57:40:114	Server	 		gotwood4sheep gets 1 wood. ljaybrad123 gets 1 wood.	 	 
345	19:57:48:557	ljaybrad123	clay=0; ore=0; sheep=0; wheat=0; wood=4; unknown=0; knights=0; dev-cards=1	roads=[138,69; 69,137; 137,120; 120,103; 103,86; 86,154]; settlements=[154,69]	anyone have clay?	 	 
346	19:57:54:321	gotwood4sheep	clay=0; ore=2; sheep=0; wheat=2; wood=2; unknown=0; knights=1; dev-cards=0	roads=[105,139; 139,122; 122,106; 106,90]; settlements=[105,156; 156,107]	sorry just spent it :/	 	 
347	19:58:00:436	gotwood4sheep	clay=0; ore=2; sheep=0; wheat=2; wood=2; unknown=0; knights=1; dev-cards=0	roads=[105,139; 139,122; 122,106; 106,90]; settlements=[105,156; 156,107]	kind of unnecessarily, i must admit	 	 
348	19:58:11:559	tomas.kostan	clay=0; ore=0; sheep=1; wheat=2; wood=2; unknown=0; knights=0; dev-cards=1	roads=[84,152; 152,135; 135,67]; settlements=[101,135]	no clay in here either	 	 
349	19:58:32:926	Server	 		tomas.kostan rolled a 4 and a 2.	 	 
350	19:58:32:927	Server	 		gotwood4sheep gets 1 clay. tomas.kostan gets 2 wheat.	 	 
351	19:59:11:068	tomas.kostan	clay=0; ore=0; sheep=1; wheat=4; wood=2; unknown=0; knights=0; dev-cards=1	roads=[84,152; 152,135; 135,67]; settlements=[101,135]	wheat for ore anyone?	 	 
352	19:59:15:892	gotwood4sheep	clay=1; ore=2; sheep=0; wheat=2; wood=2; unknown=0; knights=1; dev-cards=0	roads=[105,139; 139,122; 122,106; 106,90]; settlements=[105,156; 156,107]	no, sorry	 	 
353	19:59:19:231	ljaybrad123	clay=0; ore=0; sheep=0; wheat=0; wood=4; unknown=0; knights=0; dev-cards=1	roads=[138,69; 69,137; 137,120; 120,103; 103,86; 86,154]; settlements=[154,69]	no]#	 	 
354	19:59:31:901	Server	 		gotwood4sheep rolled a 6 and a 5.	 	 
355	19:59:31:901	Server	 		ljaybrad123 gets 1 clay. tomas.kostan gets 1 sheep.	 	 
356	19:59:48:487	gotwood4sheep	clay=1; ore=2; sheep=0; wheat=2; wood=2; unknown=0; knights=1; dev-cards=0	roads=[105,139; 139,122; 122,106; 106,90]; settlements=[105,156; 156,107]	sheep, tomas?	 	 
357	19:59:51:867	gotwood4sheep	clay=1; ore=2; sheep=0; wheat=2; wood=2; unknown=0; knights=1; dev-cards=0	roads=[105,139; 139,122; 122,106; 106,90]; settlements=[105,156; 156,107]	I can offer a range of items	 	 
358	19:59:57:669	tomas.kostan	clay=0; ore=0; sheep=2; wheat=4; wood=2; unknown=0; knights=0; dev-cards=1	roads=[84,152; 152,135; 135,67]; settlements=[101,135]	for clay?	 	 
359	20:00:00:594	gotwood4sheep	clay=1; ore=2; sheep=0; wheat=2; wood=2; unknown=0; knights=1; dev-cards=0	roads=[105,139; 139,122; 122,106; 106,90]; settlements=[105,156; 156,107]	done	 	 
360	20:00:03:989	tomas.kostan	clay=0; ore=0; sheep=2; wheat=4; wood=2; unknown=0; knights=0; dev-cards=1	roads=[84,152; 152,135; 135,67]; settlements=[101,135]	:)	 	 
361	20:00:08:105	Server	 		gotwood4sheep made an offer to trade 1 clay for 1 sheep.	 	 
362	20:00:10:742	Server	 		gotwood4sheep traded 1 clay for 1 sheep from tomas.kostan.	 	 
363	20:00:12:720	gotwood4sheep	clay=0; ore=2; sheep=1; wheat=2; wood=2; unknown=0; knights=1; dev-cards=0	roads=[105,139; 139,122; 122,106; 106,90]; settlements=[105,156; 156,107]	ty ty	 	 
364	20:00:18:384	tomas.kostan	clay=1; ore=0; sheep=1; wheat=4; wood=2; unknown=0; knights=0; dev-cards=1	roads=[84,152; 152,135; 135,67]; settlements=[101,135]	yw!	 	 
365	20:00:22:861	Server	 		ljaybrad123 rolled a 3 and a 6.	 	 
366	20:00:22:861	Server	 		gotwood4sheep gets 2 sheep.	 	 
367	20:00:29:101	gotwood4sheep	clay=0; ore=1; sheep=2; wheat=1; wood=2; unknown=0; knights=1; dev-cards=1	roads=[105,139; 139,122; 122,106; 106,90]; settlements=[105,156; 156,107]	lol	 	 
368	20:00:32:378	Server	 		ljaybrad123 built a road.	 	 
369	20:00:32:425	gotwood4sheep	clay=0; ore=1; sheep=2; wheat=1; wood=2; unknown=0; knights=1; dev-cards=1	roads=[105,139; 139,122; 122,106; 106,90]; settlements=[105,156; 156,107]	I trade sheep, i get sheep	 	 
370	20:00:37:319	gotwood4sheep	clay=0; ore=1; sheep=2; wheat=1; wood=2; unknown=0; knights=1; dev-cards=1	roads=[105,139; 139,122; 122,106; 106,90]; settlements=[105,156; 156,107]	such is the world	 	 
371	20:00:52:109	Server	 		tomas.kostan rolled a 1 and a 1.	 	 
372	20:00:52:110	Server	 		No player gets anything.	 	 
373	20:00:57:416	gotwood4sheep	clay=0; ore=1; sheep=2; wheat=1; wood=2; unknown=0; knights=1; dev-cards=1	roads=[105,139; 139,122; 122,106; 106,90]; settlements=[105,156; 156,107]	snake eyes	 	 
374	20:01:01:693	Server	 		tomas.kostan built a settlement.	 	 
375	20:01:12:552	Server	 		gotwood4sheep rolled a 6 and a 2.	 	 
376	20:01:12:552	Server	 		gotwood4sheep gets 1 ore. ljaybrad123 gets 1 ore. tomas.kostan gets 2 clay.	 	 
377	20:01:23:239	gotwood4sheep	clay=0; ore=2; sheep=2; wheat=1; wood=2; unknown=0; knights=1; dev-cards=1	roads=[105,139; 139,122; 122,106; 106,90]; settlements=[105,156; 156,107]	tomas, do you need wood??	 	 
378	20:01:28:825	gotwood4sheep	clay=0; ore=2; sheep=2; wheat=1; wood=2; unknown=0; knights=1; dev-cards=1	roads=[105,139; 139,122; 122,106; 106,90]; settlements=[105,156; 156,107]	I would like a wheat	 	 
379	20:01:34:461	tomas.kostan	clay=2; ore=0; sheep=0; wheat=3; wood=1; unknown=0; knights=0; dev-cards=1	roads=[84,152; 152,135; 135,67]; settlements=[101,135; 135,67]	deal!	 	 
380	20:01:44:793	Server	 		gotwood4sheep made an offer to trade 1 wood for 1 wheat.	 	 
381	20:01:47:806	Server	 		gotwood4sheep traded 1 wood for 1 wheat from tomas.kostan.	 	 
382	20:01:53:762	gotwood4sheep	clay=0; ore=2; sheep=2; wheat=2; wood=1; unknown=0; knights=1; dev-cards=1	roads=[105,139; 139,122; 122,106; 106,90]; settlements=[105,156; 156,107]	thx :)	 	 
383	20:01:59:863	Server	 		ljaybrad123 rolled a 4 and a 1.	 	 
384	20:01:59:864	Server	 		gotwood4sheep gets 1 wood. ljaybrad123 gets 1 wood.	 	 
385	20:02:04:186	gotwood4sheep	clay=0; ore=0; sheep=0; wheat=0; wood=2; unknown=0; knights=1; dev-cards=3	roads=[105,139; 139,122; 122,106; 106,90]; settlements=[105,156; 156,107]	spend spend spend :)	 	 
386	20:02:11:964	ljaybrad123	clay=0; ore=1; sheep=0; wheat=0; wood=4; unknown=0; knights=0; dev-cards=1	roads=[138,69; 69,137; 137,120; 120,103; 103,86; 86,154; 154,52]; settlements=[154,69]	anyone want wood?	 	 
387	20:02:18:241	gotwood4sheep	clay=0; ore=0; sheep=0; wheat=0; wood=2; unknown=0; knights=1; dev-cards=3	roads=[105,139; 139,122; 122,106; 106,90]; settlements=[105,156; 156,107]	i have 2, ta :)	 	 
388	20:02:36:506	tomas.kostan	clay=2; ore=0; sheep=0; wheat=2; wood=2; unknown=0; knights=0; dev-cards=1	roads=[84,152; 152,135; 135,67]; settlements=[101,135; 135,67]	not anyomre thank you	 	 
389	20:02:57:781	Server	 		tomas.kostan rolled a 2 and a 2.	 	 
390	20:02:57:782	Server	 		ljaybrad123 gets 1 ore, 1 sheep. tomas.kostan gets 1 ore, 2 sheep.	 	 
391	20:03:09:541	Server	 		tomas.kostan built a road.	 	 
392	20:03:14:565	Server	 		tomas.kostan built a road.	 	 
393	20:03:20:794	gotwood4sheep	clay=0; ore=0; sheep=0; wheat=0; wood=2; unknown=0; knights=1; dev-cards=3	roads=[105,139; 139,122; 122,106; 106,90]; settlements=[105,156; 156,107]	you two are snaking across the map :D	 	 
394	20:03:27:155	Server	 		gotwood4sheep rolled a 5 and a 3.	 	 
395	20:03:27:156	Server	 		gotwood4sheep gets 1 ore. ljaybrad123 gets 1 ore. tomas.kostan gets 2 clay.	 	 
396	20:03:34:846	Server	 		ljaybrad123 rolled a 1 and a 1.	 	 
397	20:03:34:846	Server	 		No player gets anything.	 	 
398	20:03:48:618	gotwood4sheep	clay=0; ore=0; sheep=0; wheat=0; wood=2; unknown=0; knights=1; dev-cards=3	roads=[105,139; 139,122; 122,106; 106,90]; settlements=[105,156; 156,107]	booo :D	 	 
399	20:03:56:688	ljaybrad123	clay=0; ore=3; sheep=1; wheat=0; wood=4; unknown=0; knights=1; dev-cards=0	roads=[138,69; 69,137; 137,120; 120,103; 103,86; 86,154; 154,52]; settlements=[154,69]	anyone have wheat or ore?	 	 
400	20:04:01:528	gotwood4sheep	clay=0; ore=0; sheep=0; wheat=0; wood=2; unknown=0; knights=1; dev-cards=3	roads=[105,139; 139,122; 122,106; 106,90]; settlements=[105,156; 156,107]	nay :(	 	 
401	20:04:03:973	gotwood4sheep	clay=0; ore=0; sheep=0; wheat=0; wood=2; unknown=0; knights=1; dev-cards=3	roads=[105,139; 139,122; 122,106; 106,90]; settlements=[105,156; 156,107]	i had one just now	 	 
402	20:04:06:901	gotwood4sheep	clay=0; ore=0; sheep=0; wheat=0; wood=2; unknown=0; knights=1; dev-cards=3	roads=[105,139; 139,122; 122,106; 106,90]; settlements=[105,156; 156,107]	:P	 	 
403	20:04:10:679	tomas.kostan	clay=2; ore=0; sheep=1; wheat=1; wood=0; unknown=0; knights=0; dev-cards=2	roads=[84,152; 152,135; 135,67; 67,118; 118,101]; settlements=[101,135; 135,67]	not for trade sry	 	 
404	20:04:14:351	ljaybrad123	clay=0; ore=3; sheep=1; wheat=0; wood=4; unknown=0; knights=1; dev-cards=0	roads=[138,69; 69,137; 137,120; 120,103; 103,86; 86,154; 154,52]; settlements=[154,69]	or clay?	 	 
405	20:04:24:956	gotwood4sheep	clay=0; ore=0; sheep=0; wheat=0; wood=2; unknown=0; knights=1; dev-cards=3	roads=[105,139; 139,122; 122,106; 106,90]; settlements=[105,156; 156,107]	nope	 	 
406	20:04:30:411	tomas.kostan	clay=2; ore=0; sheep=1; wheat=1; wood=0; unknown=0; knights=0; dev-cards=2	roads=[84,152; 152,135; 135,67; 67,118; 118,101]; settlements=[101,135; 135,67]	nope sry	 	 
407	20:04:44:791	Server	 		ljaybrad123 traded 4 wood for 1 wheat from the bank.	 	 
408	20:04:53:070	Server	 		tomas.kostan rolled a 2 and a 4.	 	 
409	20:04:53:070	Server	 		gotwood4sheep gets 1 clay. tomas.kostan gets 2 wheat.	 	 
410	20:05:05:725	tomas.kostan	clay=2; ore=0; sheep=1; wheat=3; wood=0; unknown=0; knights=0; dev-cards=2	roads=[84,152; 152,135; 135,67; 67,118; 118,101]; settlements=[101,135; 135,67]	ore? wood?	 	 
411	20:05:09:732	gotwood4sheep	clay=1; ore=0; sheep=0; wheat=0; wood=2; unknown=0; knights=1; dev-cards=3	roads=[105,139; 139,122; 122,106; 106,90]; settlements=[105,156; 156,107]	i got wood	 	 
412	20:05:12:584	gotwood4sheep	clay=1; ore=0; sheep=0; wheat=0; wood=2; unknown=0; knights=1; dev-cards=3	roads=[105,139; 139,122; 122,106; 106,90]; settlements=[105,156; 156,107]	what's on offer	 	 
413	20:05:13:220	ljaybrad123	clay=0; ore=2; sheep=0; wheat=0; wood=0; unknown=0; knights=1; dev-cards=1	roads=[138,69; 69,137; 137,120; 120,103; 103,86; 86,154; 154,52]; settlements=[154,69]	i haave ore	 	 
414	20:05:34:297	tomas.kostan	clay=2; ore=0; sheep=1; wheat=3; wood=0; unknown=0; knights=0; dev-cards=2	roads=[84,152; 152,135; 135,67; 67,118; 118,101]; settlements=[101,135; 135,67]	lj i can give you your clay now :)	 	 
415	20:05:42:857	tomas.kostan	clay=2; ore=0; sheep=1; wheat=3; wood=0; unknown=0; knights=0; dev-cards=2	roads=[84,152; 152,135; 135,67; 67,118; 118,101]; settlements=[101,135; 135,67]	and niko what about a wheat?	 	 
416	20:05:44:112	ljaybrad123	clay=0; ore=2; sheep=0; wheat=0; wood=0; unknown=0; knights=1; dev-cards=1	roads=[138,69; 69,137; 137,120; 120,103; 103,86; 86,154; 154,52]; settlements=[154,69]	no need now :p sorry	 	 
417	20:05:55:174	gotwood4sheep	clay=1; ore=0; sheep=0; wheat=0; wood=2; unknown=0; knights=1; dev-cards=3	roads=[105,139; 139,122; 122,106; 106,90]; settlements=[105,156; 156,107]	i'm not sure what i need	 	 
418	20:06:00:007	tomas.kostan	clay=2; ore=0; sheep=1; wheat=3; wood=0; unknown=0; knights=0; dev-cards=2	roads=[84,152; 152,135; 135,67; 67,118; 118,101]; settlements=[101,135; 135,67]	:D	 	 
419	20:06:00:422	gotwood4sheep	clay=1; ore=0; sheep=0; wheat=0; wood=2; unknown=0; knights=1; dev-cards=3	roads=[105,139; 139,122; 122,106; 106,90]; settlements=[105,156; 156,107]	i have a clay and 2 wood	 	 
420	20:06:05:847	gotwood4sheep	clay=1; ore=0; sheep=0; wheat=0; wood=2; unknown=0; knights=1; dev-cards=3	roads=[105,139; 139,122; 122,106; 106,90]; settlements=[105,156; 156,107]	let me know what you want and your offers	 	 
421	20:06:21:238	tomas.kostan	clay=2; ore=0; sheep=1; wheat=3; wood=0; unknown=0; knights=0; dev-cards=2	roads=[84,152; 152,135; 135,67; 67,118; 118,101]; settlements=[101,135; 135,67]	2 wheat for 2 wood?	 	 
422	20:06:31:472	gotwood4sheep	clay=1; ore=0; sheep=0; wheat=0; wood=2; unknown=0; knights=1; dev-cards=3	roads=[105,139; 139,122; 122,106; 106,90]; settlements=[105,156; 156,107]	2 wheat and a sheep maybe	 	 
423	20:06:36:616	gotwood4sheep	clay=1; ore=0; sheep=0; wheat=0; wood=2; unknown=0; knights=1; dev-cards=3	roads=[105,139; 139,122; 122,106; 106,90]; settlements=[105,156; 156,107]	I know you and LJ are working that road	 	 
424	20:07:03:387	tomas.kostan	clay=2; ore=0; sheep=1; wheat=3; wood=0; unknown=0; knights=0; dev-cards=2	roads=[84,152; 152,135; 135,67; 67,118; 118,101]; settlements=[101,135; 135,67]	ok i will take 2 wood for 2 wheat and a sheep :)	 	 
425	20:07:06:485	gotwood4sheep	clay=1; ore=0; sheep=0; wheat=0; wood=2; unknown=0; knights=1; dev-cards=3	roads=[105,139; 139,122; 122,106; 106,90]; settlements=[105,156; 156,107]	done :)	 	 
426	20:07:15:957	Server	 		tomas.kostan made an offer to trade 1 sheep, 2 wheat for 2 wood.	 	 
427	20:07:21:264	gotwood4sheep	clay=1; ore=0; sheep=0; wheat=0; wood=2; unknown=0; knights=1; dev-cards=3	roads=[105,139; 139,122; 122,106; 106,90]; settlements=[105,156; 156,107]	wrong personage	 	 
428	20:07:28:232	gotwood4sheep	clay=1; ore=0; sheep=0; wheat=0; wood=2; unknown=0; knights=1; dev-cards=3	roads=[105,139; 139,122; 122,106; 106,90]; settlements=[105,156; 156,107]	gotta check the right colour box ;)	 	 
429	20:07:35:357	Server	 		tomas.kostan made an offer to trade 1 sheep, 2 wheat for 2 wood.	 	 
430	20:07:38:545	Server	 		tomas.kostan traded 1 sheep, 2 wheat for 2 wood from gotwood4sheep.	 	 
431	20:07:41:430	gotwood4sheep	clay=1; ore=0; sheep=1; wheat=2; wood=0; unknown=0; knights=1; dev-cards=3	roads=[105,139; 139,122; 122,106; 106,90]; settlements=[105,156; 156,107]	thx :D	 	 
432	20:07:48:989	Server	 		tomas.kostan built a road.	 	 
433	20:07:51:704	Server	 		tomas.kostan built a road.	 	 
434	20:08:00:174	tomas.kostan	clay=0; ore=0; sheep=0; wheat=1; wood=0; unknown=0; knights=0; dev-cards=2	roads=[84,152; 152,135; 135,67; 67,118; 118,101; 101,169; 169,186]; settlements=[101,135; 135,67]	thank you too!	 	 
435	20:08:05:310	gotwood4sheep	clay=1; ore=0; sheep=1; wheat=2; wood=0; unknown=0; knights=1; dev-cards=3	roads=[105,139; 139,122; 122,106; 106,90]; settlements=[105,156; 156,107]	i'm watchingyou	 	 
436	20:08:08:584	gotwood4sheep	clay=1; ore=0; sheep=1; wheat=2; wood=0; unknown=0; knights=1; dev-cards=3	roads=[105,139; 139,122; 122,106; 106,90]; settlements=[105,156; 156,107]	;D	 	 
437	20:08:16:077	Server	 		gotwood4sheep rolled a 5 and a 1.	 	 
438	20:08:16:077	Server	 		gotwood4sheep gets 1 clay. tomas.kostan gets 2 wheat.	 	 
439	20:08:22:148	Server	 		ljaybrad123 rolled a 2 and a 3.	 	 
440	20:08:22:149	Server	 		gotwood4sheep gets 1 wood. ljaybrad123 gets 1 wood.	 	 
441	20:08:25:138	gotwood4sheep	clay=2; ore=0; sheep=0; wheat=1; wood=1; unknown=0; knights=2; dev-cards=3	roads=[105,139; 139,122; 122,106; 106,90]; settlements=[105,156; 156,107]	sorry LJ but i needed ore	 	 
442	20:08:30:916	gotwood4sheep	clay=2; ore=0; sheep=0; wheat=1; wood=1; unknown=0; knights=2; dev-cards=3	roads=[105,139; 139,122; 122,106; 106,90]; settlements=[105,156; 156,107]	the soldier wasn't after you per se	 	 
443	20:08:37:473	ljaybrad123	clay=0; ore=1; sheep=0; wheat=0; wood=1; unknown=0; knights=1; dev-cards=1	roads=[138,69; 69,137; 137,120; 120,103; 103,86; 86,154; 154,52]; settlements=[154,69]	anyone have clay?	 	 
444	20:08:39:530	gotwood4sheep	clay=2; ore=0; sheep=0; wheat=1; wood=1; unknown=0; knights=2; dev-cards=3	roads=[105,139; 139,122; 122,106; 106,90]; settlements=[105,156; 156,107]	yup	 	 
445	20:08:42:790	gotwood4sheep	clay=2; ore=0; sheep=0; wheat=1; wood=1; unknown=0; knights=2; dev-cards=3	roads=[105,139; 139,122; 122,106; 106,90]; settlements=[105,156; 156,107]	2 of dems	 	 
446	20:08:47:115	ljaybrad123	clay=0; ore=1; sheep=0; wheat=0; wood=1; unknown=0; knights=1; dev-cards=1	roads=[138,69; 69,137; 137,120; 120,103; 103,86; 86,154; 154,52]; settlements=[154,69]	ore for clay	 	 
447	20:08:50:416	gotwood4sheep	clay=2; ore=0; sheep=0; wheat=1; wood=1; unknown=0; knights=2; dev-cards=3	roads=[105,139; 139,122; 122,106; 106,90]; settlements=[105,156; 156,107]	sold	 	 
448	20:08:51:947	ljaybrad123	clay=0; ore=1; sheep=0; wheat=0; wood=1; unknown=0; knights=1; dev-cards=1	roads=[138,69; 69,137; 137,120; 120,103; 103,86; 86,154; 154,52]; settlements=[154,69]	?	 	 
449	20:09:10:098	Server	 		ljaybrad123 made an offer to trade 1 ore for 1 clay.	 	 
450	20:09:11:618	Server	 		ljaybrad123 traded 1 ore for 1 clay from gotwood4sheep.	 	 
451	20:09:42:989	Server	 		ljaybrad123 built a road.	 	 
452	20:10:00:949	Server	 		tomas.kostan rolled a 6 and a 5.	 	 
453	20:10:00:950	Server	 		ljaybrad123 gets 1 clay. tomas.kostan gets 1 sheep.	 	 
454	20:10:13:023	tomas.kostan	clay=0; ore=0; sheep=1; wheat=2; wood=0; unknown=0; knights=0; dev-cards=2	roads=[84,152; 152,135; 135,67; 67,118; 118,101; 101,169; 169,186]; settlements=[101,135; 135,67]	ore for wheat?	 	 
455	20:10:23:892	gotwood4sheep	clay=1; ore=1; sheep=0; wheat=1; wood=1; unknown=0; knights=2; dev-cards=3	roads=[105,139; 139,122; 122,106; 106,90]; settlements=[105,156; 156,107]	no real benefit, i'm afraid	 	 
456	20:10:30:554	tomas.kostan	clay=0; ore=0; sheep=1; wheat=2; wood=0; unknown=0; knights=0; dev-cards=2	roads=[84,152; 152,135; 135,67; 67,118; 118,101; 101,169; 169,186]; settlements=[101,135; 135,67]	kk :)	 	 
457	20:10:32:769	gotwood4sheep	clay=1; ore=1; sheep=0; wheat=1; wood=1; unknown=0; knights=2; dev-cards=3	roads=[105,139; 139,122; 122,106; 106,90]; settlements=[105,156; 156,107]	and now you're doing rather well :D	 	 
458	20:10:35:094	Server	 		gotwood4sheep rolled a 1 and a 4.	 	 
459	20:10:35:094	Server	 		gotwood4sheep gets 1 wood. ljaybrad123 gets 1 wood.	 	 
460	20:10:40:962	gotwood4sheep	clay=1; ore=1; sheep=0; wheat=1; wood=2; unknown=0; knights=2; dev-cards=3	roads=[105,139; 139,122; 122,106; 106,90]; settlements=[105,156; 156,107]	anyone got a sheep?	 	 
461	20:10:43:443	gotwood4sheep	clay=1; ore=1; sheep=0; wheat=1; wood=2; unknown=0; knights=2; dev-cards=3	roads=[105,139; 139,122; 122,106; 106,90]; settlements=[105,156; 156,107]	can offer clay or wood	 	 
462	20:11:05:916	tomas.kostan	clay=0; ore=0; sheep=1; wheat=2; wood=0; unknown=0; knights=0; dev-cards=2	roads=[84,152; 152,135; 135,67; 67,118; 118,101; 101,169; 169,186]; settlements=[101,135; 135,67]	i need both or none :)	 	 
463	20:11:14:932	ljaybrad123	clay=1; ore=0; sheep=0; wheat=1; wood=1; unknown=0; knights=2; dev-cards=0	roads=[138,69; 69,137; 137,120; 120,103; 103,86; 86,154; 154,52; 52,36]; settlements=[154,69]	no	 	 
464	20:11:21:020	tomas.kostan	clay=0; ore=0; sheep=1; wheat=2; wood=0; unknown=0; knights=0; dev-cards=2	roads=[84,152; 152,135; 135,67; 67,118; 118,101; 101,169; 169,186]; settlements=[101,135; 135,67]	and can offer a sheep + wheat	 	 
465	20:11:21:271	gotwood4sheep	clay=1; ore=1; sheep=0; wheat=1; wood=2; unknown=0; knights=2; dev-cards=3	roads=[105,139; 139,122; 122,106; 106,90]; settlements=[105,156; 156,107]	afraid it'll be none then :)	 	 
466	20:11:36:433	gotwood4sheep	clay=1; ore=1; sheep=0; wheat=1; wood=2; unknown=0; knights=2; dev-cards=3	roads=[105,139; 139,122; 122,106; 106,90]; settlements=[105,156; 156,107]	next round maybe	 	 
467	20:11:39:164	tomas.kostan	clay=0; ore=0; sheep=1; wheat=2; wood=0; unknown=0; knights=0; dev-cards=2	roads=[84,152; 152,135; 135,67; 67,118; 118,101; 101,169; 169,186]; settlements=[101,135; 135,67]	ok then :)	 	 
468	20:11:39:536	Server	 		gotwood4sheep built a road.	 	 
469	20:11:44:113	Server	 		ljaybrad123 rolled a 5 and a 2.	 	 
470	20:12:01:313	gotwood4sheep	clay=0; ore=0; sheep=0; wheat=1; wood=1; unknown=0; knights=2; dev-cards=3	roads=[105,139; 139,122; 122,106; 106,90; 90,73]; settlements=[105,156; 156,107]	hi william!	 	 
471	20:12:09:654	ljaybrad123	clay=1; ore=1; sheep=0; wheat=1; wood=1; unknown=0; knights=2; dev-cards=0	roads=[138,69; 69,137; 137,120; 120,103; 103,86; 86,154; 154,52; 52,36]; settlements=[154,69]	anyone have sheep for ore?	 	 
472	20:12:10:821	gotwood4sheep	clay=0; ore=0; sheep=0; wheat=1; wood=1; unknown=0; knights=2; dev-cards=3	roads=[105,139; 139,122; 122,106; 106,90; 90,73]; settlements=[105,156; 156,107]	afraid we started late so still rolling	 	 
473	20:12:13:697	gotwood4sheep	clay=0; ore=0; sheep=0; wheat=1; wood=1; unknown=0; knights=2; dev-cards=3	roads=[105,139; 139,122; 122,106; 106,90; 90,73]; settlements=[105,156; 156,107]	nope, sorry	 	 
474	20:12:23:178	Server	 		ljaybrad123 built a road.	 	 
475	20:12:27:597	tomas.kostan	clay=0; ore=0; sheep=1; wheat=2; wood=0; unknown=0; knights=0; dev-cards=2	roads=[84,152; 152,135; 135,67; 67,118; 118,101; 101,169; 169,186]; settlements=[101,135; 135,67]	sry sheep no longer for trade	 	 
476	20:12:30:502	gotwood4sheep	clay=0; ore=0; sheep=0; wheat=1; wood=1; unknown=0; knights=2; dev-cards=3	roads=[105,139; 139,122; 122,106; 106,90; 90,73]; settlements=[105,156; 156,107]	rivals for the highway	 	 
477	20:12:33:924	Server	 		tomas.kostan rolled a 1 and a 4.	 	 
478	20:12:33:925	Server	 		gotwood4sheep gets 1 wood. ljaybrad123 gets 1 wood.	 	 
478.1	20:12:40:337	william	 	 	hi guys. don't mind me	 	 
479	20:12:42:786	gotwood4sheep	clay=0; ore=0; sheep=0; wheat=1; wood=2; unknown=0; knights=2; dev-cards=3	roads=[105,139; 139,122; 122,106; 106,90; 90,73]; settlements=[105,156; 156,107]	LJ you are really rolling those 7s	 	 
480	20:12:45:202	tomas.kostan	clay=0; ore=0; sheep=1; wheat=2; wood=0; unknown=0; knights=0; dev-cards=2	roads=[84,152; 152,135; 135,67; 67,118; 118,101; 101,169; 169,186]; settlements=[101,135; 135,67]	hi	 	 
481	20:12:57:837	ljaybrad123	clay=0; ore=1; sheep=0; wheat=0; wood=1; unknown=0; knights=2; dev-cards=0	roads=[138,69; 69,137; 137,120; 120,103; 103,86; 86,154; 154,52; 52,36; 36,37]; settlements=[154,69]	ive had soldiers as well :p	 	 
482	20:12:59:284	Server	 		gotwood4sheep rolled a 2 and a 5.	 	 
483	20:13:22:151	gotwood4sheep	clay=0; ore=0; sheep=0; wheat=3; wood=2; unknown=0; knights=3; dev-cards=2	roads=[105,139; 139,122; 122,106; 106,90; 90,73]; settlements=[105,156; 156,107]	anyone got sheep for a wood?	 	 
484	20:13:26:526	ljaybrad123	clay=0; ore=1; sheep=0; wheat=0; wood=1; unknown=0; knights=2; dev-cards=0	roads=[138,69; 69,137; 137,120; 120,103; 103,86; 86,154; 154,52; 52,36; 36,37]; settlements=[154,69]	no	 	 
485	20:13:32:829	gotwood4sheep	clay=0; ore=0; sheep=0; wheat=3; wood=2; unknown=0; knights=3; dev-cards=2	roads=[105,139; 139,122; 122,106; 106,90; 90,73]; settlements=[105,156; 156,107]	clay for a wood?	 	 
486	20:13:40:384	ljaybrad123	clay=0; ore=1; sheep=0; wheat=0; wood=1; unknown=0; knights=2; dev-cards=0	roads=[138,69; 69,137; 137,120; 120,103; 103,86; 86,154; 154,52; 52,36; 36,37]; settlements=[154,69]	no	 	 
487	20:13:45:350	gotwood4sheep	clay=0; ore=0; sheep=0; wheat=3; wood=2; unknown=0; knights=3; dev-cards=2	roads=[105,139; 139,122; 122,106; 106,90; 90,73]; settlements=[105,156; 156,107]	no problemo	 	 
488	20:13:59:629	Server	 		ljaybrad123 rolled a 6 and a 5.	 	 
489	20:13:59:629	Server	 		ljaybrad123 gets 1 clay. tomas.kostan gets 1 sheep.	 	 
490	20:14:14:599	Server	 		ljaybrad123 built a road.	 	 
491	20:14:54:828	gotwood4sheep	clay=0; ore=0; sheep=0; wheat=3; wood=2; unknown=0; knights=3; dev-cards=2	roads=[105,139; 139,122; 122,106; 106,90; 90,73]; settlements=[105,156; 156,107]	has tomas departed?	 	 
492	20:15:00:293	gotwood4sheep	clay=0; ore=0; sheep=0; wheat=3; wood=2; unknown=0; knights=3; dev-cards=2	roads=[105,139; 139,122; 122,106; 106,90; 90,73]; settlements=[105,156; 156,107]	he hasn't talked recently :/	 	 
493	20:15:24:062	tomas.kostan	clay=0; ore=0; sheep=2; wheat=1; wood=0; unknown=0; knights=0; dev-cards=2	roads=[84,152; 152,135; 135,67; 67,118; 118,101; 101,169; 169,186]; settlements=[101,135; 135,67]	what happened?	 	 
494	20:15:27:809	gotwood4sheep	clay=0; ore=0; sheep=0; wheat=3; wood=2; unknown=0; knights=3; dev-cards=2	roads=[105,139; 139,122; 122,106; 106,90; 90,73]; settlements=[105,156; 156,107]	hello!	 	 
495	20:15:28:756	ljaybrad123	clay=0; ore=1; sheep=0; wheat=0; wood=0; unknown=0; knights=2; dev-cards=0	roads=[138,69; 69,137; 137,120; 120,103; 103,86; 86,154; 154,52; 52,36; 36,37; 37,38]; settlements=[154,69]	your go	 	 
496	20:15:39:204	gotwood4sheep	clay=0; ore=0; sheep=0; wheat=3; wood=2; unknown=0; knights=3; dev-cards=2	roads=[105,139; 139,122; 122,106; 106,90; 90,73]; settlements=[105,156; 156,107]	was worried you'd been disconnected	 	 
497	20:15:46:959	gotwood4sheep	clay=0; ore=0; sheep=0; wheat=3; wood=2; unknown=0; knights=3; dev-cards=2	roads=[105,139; 139,122; 122,106; 106,90; 90,73]; settlements=[105,156; 156,107]	I passed the dice, LJ built a road	 	 
498	20:15:49:038	gotwood4sheep	clay=0; ore=0; sheep=0; wheat=3; wood=2; unknown=0; knights=3; dev-cards=2	roads=[105,139; 139,122; 122,106; 106,90; 90,73]; settlements=[105,156; 156,107]	now your turn	 	 
499	20:16:41:833	gotwood4sheep	clay=0; ore=0; sheep=0; wheat=3; wood=2; unknown=0; knights=3; dev-cards=2	roads=[105,139; 139,122; 122,106; 106,90; 90,73]; settlements=[105,156; 156,107]	still here??	 	 
500	20:17:10:106	Server	 		tomas.kostan rolled a 1 and a 6.	 	 
501	20:17:16:204	gotwood4sheep	clay=0; ore=0; sheep=0; wheat=3; wood=2; unknown=0; knights=3; dev-cards=2	roads=[105,139; 139,122; 122,106; 106,90; 90,73]; settlements=[105,156; 156,107]	what a roll to return to :D	 	 
502	20:17:36:388	Server	 		gotwood4sheep rolled a 3 and a 6.	 	 
503	20:17:36:389	Server	 		gotwood4sheep gets 2 sheep. tomas.kostan gets 3 wheat.	 	 
504	20:17:44:000	tomas.kostan	clay=0; ore=0; sheep=1; wheat=3; wood=0; unknown=0; knights=0; dev-cards=3	roads=[84,152; 152,135; 135,67; 67,118; 118,101; 101,169; 169,186]; settlements=[101,135; 135,67]	what happened?	 	 
505	20:17:45:622	Server	 		gotwood4sheep traded 2 wheat for 1 clay from a port.	 	 
506	20:17:47:897	Server	 		gotwood4sheep built a settlement.	 	 
507	20:17:53:483	gotwood4sheep	clay=0; ore=0; sheep=1; wheat=0; wood=1; unknown=0; knights=3; dev-cards=2	roads=[105,139; 139,122; 122,106; 106,90; 90,73]; settlements=[105,156; 156,107; 107,73]	not sure, you keep asking	 	 
508	20:17:55:042	Server	 		ljaybrad123 rolled a 5 and a 2.	 	 
509	20:17:55:081	gotwood4sheep	clay=0; ore=0; sheep=1; wheat=0; wood=1; unknown=0; knights=3; dev-cards=2	roads=[105,139; 139,122; 122,106; 106,90; 90,73]; settlements=[105,156; 156,107; 107,73]	lag?	 	 
510	20:17:58:626	gotwood4sheep	clay=0; ore=0; sheep=1; wheat=0; wood=1; unknown=0; knights=3; dev-cards=2	roads=[105,139; 139,122; 122,106; 106,90; 90,73]; settlements=[105,156; 156,107; 107,73]	some sort of delay?	 	 
511	20:18:03:831	gotwood4sheep	clay=0; ore=0; sheep=1; wheat=0; wood=1; unknown=0; knights=3; dev-cards=2	roads=[105,139; 139,122; 122,106; 106,90; 90,73]; settlements=[105,156; 156,107; 107,73]	something weirder?	 	 
512	20:18:08:575	tomas.kostan	clay=0; ore=0; sheep=1; wheat=3; wood=0; unknown=0; knights=0; dev-cards=3	roads=[84,152; 152,135; 135,67; 67,118; 118,101; 101,169; 169,186]; settlements=[101,135; 135,67]	did you freeze as well?	 	 
513	20:18:11:154	gotwood4sheep	clay=0; ore=0; sheep=0; wheat=0; wood=1; unknown=0; knights=3; dev-cards=2	roads=[105,139; 139,122; 122,106; 106,90; 90,73]; settlements=[105,156; 156,107; 107,73]	nope	 	 
514	20:18:17:996	gotwood4sheep	clay=0; ore=0; sheep=0; wheat=0; wood=1; unknown=0; knights=3; dev-cards=2	roads=[105,139; 139,122; 122,106; 106,90; 90,73]; settlements=[105,156; 156,107; 107,73]	tis just you i think :/	 	 
515	20:18:33:397	tomas.kostan	clay=0; ore=0; sheep=1; wheat=3; wood=0; unknown=0; knights=0; dev-cards=3	roads=[84,152; 152,135; 135,67; 67,118; 118,101; 101,169; 169,186]; settlements=[101,135; 135,67]	sry then have no idea what it was :/	 	 
516	20:18:36:612	Server	 		tomas.kostan rolled a 5 and a 4.	 	 
517	20:18:36:613	Server	 		tomas.kostan gets 3 wheat.	 	 
518	20:18:37:700	gotwood4sheep	clay=0; ore=0; sheep=0; wheat=0; wood=1; unknown=0; knights=3; dev-cards=2	roads=[105,139; 139,122; 122,106; 106,90; 90,73]; settlements=[105,156; 156,107; 107,73]	no worries,	 	 
519	20:18:39:517	gotwood4sheep	clay=0; ore=0; sheep=0; wheat=0; wood=1; unknown=0; knights=3; dev-cards=2	roads=[105,139; 139,122; 122,106; 106,90; 90,73]; settlements=[105,156; 156,107; 107,73]	9 nooo!	 	 
520	20:18:40:413	gotwood4sheep	clay=0; ore=0; sheep=0; wheat=0; wood=1; unknown=0; knights=3; dev-cards=2	roads=[105,139; 139,122; 122,106; 106,90; 90,73]; settlements=[105,156; 156,107; 107,73]	lol	 	 
521	20:18:55:423	tomas.kostan	clay=0; ore=0; sheep=1; wheat=6; wood=0; unknown=0; knights=0; dev-cards=3	roads=[84,152; 152,135; 135,67; 67,118; 118,101; 101,169; 169,186]; settlements=[101,135; 135,67]	can i get a wood or a clay?	 	 
522	20:18:59:422	gotwood4sheep	clay=0; ore=0; sheep=0; wheat=0; wood=1; unknown=0; knights=3; dev-cards=2	roads=[105,139; 139,122; 122,106; 106,90; 90,73]; settlements=[105,156; 156,107; 107,73]	i have wood	 	 
523	20:19:06:468	gotwood4sheep	clay=0; ore=0; sheep=0; wheat=0; wood=1; unknown=0; knights=3; dev-cards=2	roads=[105,139; 139,122; 122,106; 106,90; 90,73]; settlements=[105,156; 156,107; 107,73]	would need 2 resources to make it saleable	 	 
524	20:19:13:564	ljaybrad123	clay=0; ore=0; sheep=1; wheat=0; wood=0; unknown=0; knights=2; dev-cards=0	roads=[138,69; 69,137; 137,120; 120,103; 103,86; 86,154; 154,52; 52,36; 36,37; 37,38]; settlements=[154,69]	no sorry	 	 
525	20:19:15:162	tomas.kostan	clay=0; ore=0; sheep=1; wheat=6; wood=0; unknown=0; knights=0; dev-cards=3	roads=[84,152; 152,135; 135,67; 67,118; 118,101; 101,169; 169,186]; settlements=[101,135; 135,67]	for 2 wheat?	 	 
526	20:19:19:164	gotwood4sheep	clay=0; ore=0; sheep=0; wheat=0; wood=1; unknown=0; knights=3; dev-cards=2	roads=[105,139; 139,122; 122,106; 106,90; 90,73]; settlements=[105,156; 156,107; 107,73]	go on then	 	 
527	20:19:29:660	Server	 		tomas.kostan made an offer to trade 2 wheat for 1 wood.	 	 
528	20:19:31:769	Server	 		tomas.kostan traded 2 wheat for 1 wood from gotwood4sheep.	 	 
529	20:19:55:785	Server	 		tomas.kostan traded 3 wheat for 1 clay from a port.	 	 
530	20:20:01:026	Server	 		tomas.kostan built a settlement.	 	 
531	20:20:12:044	Server	 		gotwood4sheep rolled a 5 and a 3.	 	 
532	20:20:12:044	Server	 		gotwood4sheep gets 1 ore. ljaybrad123 gets 1 ore. tomas.kostan gets 2 clay.	 	 
533	20:20:17:064	Server	 		ljaybrad123 rolled a 5 and a 2.	 	 
534	20:20:24:165	gotwood4sheep	clay=0; ore=0; sheep=0; wheat=1; wood=0; unknown=0; knights=4; dev-cards=2	roads=[105,139; 139,122; 122,106; 106,90; 90,73]; settlements=[105,156; 156,107; 107,73]	7!	 	 
535	20:20:30:019	gotwood4sheep	clay=0; ore=0; sheep=0; wheat=1; wood=0; unknown=0; knights=4; dev-cards=2	roads=[105,139; 139,122; 122,106; 106,90; 90,73]; settlements=[105,156; 156,107; 107,73]	LJ is that like the 4th 7?	 	 
536	20:20:30:107	ljaybrad123	clay=1; ore=1; sheep=0; wheat=0; wood=0; unknown=0; knights=2; dev-cards=0	roads=[138,69; 69,137; 137,120; 120,103; 103,86; 86,154; 154,52; 52,36; 36,37; 37,38]; settlements=[154,69]	again :p	 	 
537	20:20:31:146	tomas.kostan	clay=1; ore=0; sheep=0; wheat=0; wood=0; unknown=0; knights=0; dev-cards=3	roads=[84,152; 152,135; 135,67; 67,118; 118,101; 101,169; 169,186]; settlements=[101,135; 135,67; 67,203]	:D	 	 
538	20:20:33:779	Server	 		tomas.kostan rolled a 5 and a 2.	 	 
539	20:20:39:594	gotwood4sheep	clay=0; ore=0; sheep=0; wheat=1; wood=0; unknown=0; knights=4; dev-cards=2	roads=[105,139; 139,122; 122,106; 106,90; 90,73]; settlements=[105,156; 156,107; 107,73]	lol consecu7s	 	 
540	20:20:57:197	Server	 		gotwood4sheep rolled a 6 and a 5.	 	 
541	20:20:57:197	Server	 		ljaybrad123 gets 1 clay. tomas.kostan gets 1 sheep.	 	 
542	20:21:02:584	Server	 		ljaybrad123 rolled a 5 and a 3.	 	 
543	20:21:02:585	Server	 		gotwood4sheep gets 1 ore. ljaybrad123 gets 1 ore. tomas.kostan gets 2 clay.	 	 
544	20:21:10:795	Server	 		tomas.kostan rolled a 4 and a 1.	 	 
545	20:21:10:795	Server	 		No player gets anything.	 	 
546	20:21:14:316	gotwood4sheep	clay=0; ore=1; sheep=0; wheat=1; wood=0; unknown=0; knights=4; dev-cards=2	roads=[105,139; 139,122; 122,106; 106,90; 90,73]; settlements=[105,156; 156,107; 107,73]	*ADDTIME*	 	 
547	20:21:17:886	ljaybrad123	clay=2; ore=1; sheep=0; wheat=0; wood=0; unknown=0; knights=2; dev-cards=0	roads=[138,69; 69,137; 137,120; 120,103; 103,86; 86,154; 154,52; 52,36; 36,37; 37,38]; settlements=[154,69]	*ADDTIME*	 	 
548	20:21:22:820	gotwood4sheep	clay=0; ore=1; sheep=0; wheat=1; wood=0; unknown=0; knights=4; dev-cards=2	roads=[105,139; 139,122; 122,106; 106,90; 90,73]; settlements=[105,156; 156,107; 107,73]	lol game on!	 	 
549	20:21:29:124	ljaybrad123	clay=2; ore=1; sheep=0; wheat=0; wood=0; unknown=0; knights=2; dev-cards=0	roads=[138,69; 69,137; 137,120; 120,103; 103,86; 86,154; 154,52; 52,36; 36,37; 37,38]; settlements=[154,69]	67 more minutes :p	 	 
550	20:21:31:556	gotwood4sheep	clay=0; ore=1; sheep=0; wheat=1; wood=0; unknown=0; knights=4; dev-cards=2	roads=[105,139; 139,122; 122,106; 106,90; 90,73]; settlements=[105,156; 156,107; 107,73]	haha :D	 	 
551	20:21:35:661	gotwood4sheep	clay=0; ore=1; sheep=0; wheat=1; wood=0; unknown=0; knights=4; dev-cards=2	roads=[105,139; 139,122; 122,106; 106,90; 90,73]; settlements=[105,156; 156,107; 107,73]	don't panic, william ;)	 	 
552	20:21:39:448	Server	 		gotwood4sheep rolled a 2 and a 5.	 	 
553	20:21:48:287	ljaybrad123	clay=2; ore=1; sheep=0; wheat=0; wood=0; unknown=0; knights=2; dev-cards=0	roads=[138,69; 69,137; 137,120; 120,103; 103,86; 86,154; 154,52; 52,36; 36,37; 37,38]; settlements=[154,69]	7!	 	 
554	20:21:55:325	gotwood4sheep	clay=1; ore=1; sheep=0; wheat=1; wood=0; unknown=0; knights=4; dev-cards=2	roads=[105,139; 139,122; 122,106; 106,90; 90,73]; settlements=[105,156; 156,107; 107,73]	chaos	 	 
555	20:21:56:506	Server	 		ljaybrad123 rolled a 5 and a 5.	 	 
556	20:21:56:506	Server	 		gotwood4sheep gets 2 wheat. tomas.kostan gets 2 wood.	 	 
557	20:22:05:619	ljaybrad123	clay=1; ore=1; sheep=0; wheat=0; wood=0; unknown=0; knights=2; dev-cards=0	roads=[138,69; 69,137; 137,120; 120,103; 103,86; 86,154; 154,52; 52,36; 36,37; 37,38]; settlements=[154,69]	i need resources!	 	 
558	20:22:11:099	Server	 		tomas.kostan rolled a 3 and a 6.	 	 
559	20:22:11:100	Server	 		gotwood4sheep gets 3 sheep. tomas.kostan gets 3 wheat.	 	 
560	20:22:24:726	tomas.kostan	clay=3; ore=1; sheep=1; wheat=3; wood=2; unknown=0; knights=0; dev-cards=3	roads=[84,152; 152,135; 135,67; 67,118; 118,101; 101,169; 169,186]; settlements=[101,135; 135,67; 67,203]	:)	 	 
561	20:22:28:298	gotwood4sheep	clay=1; ore=1; sheep=3; wheat=3; wood=0; unknown=0; knights=4; dev-cards=2	roads=[105,139; 139,122; 122,106; 106,90; 90,73]; settlements=[105,156; 156,107; 107,73]	we seem to be abundant	 	 
562	20:22:30:814	gotwood4sheep	clay=1; ore=1; sheep=3; wheat=3; wood=0; unknown=0; knights=4; dev-cards=2	roads=[105,139; 139,122; 122,106; 106,90; 90,73]; settlements=[105,156; 156,107; 107,73]	till the next 7 :D	 	 
563	20:22:31:135	Server	 		tomas.kostan traded 3 wheat for 1 wood from a port.	 	 
564	20:22:49:234	Server	 		tomas.kostan built a road.	 	 
565	20:22:54:619	Server	 		tomas.kostan built a road.	 	 
566	20:22:59:875	Server	 		tomas.kostan built a road.	 	 
567	20:23:04:622	gotwood4sheep	clay=1; ore=1; sheep=3; wheat=3; wood=0; unknown=0; knights=4; dev-cards=2	roads=[105,139; 139,122; 122,106; 106,90; 90,73]; settlements=[105,156; 156,107; 107,73]	well played tomas!	 	 
568	20:23:09:194	gotwood4sheep	clay=1; ore=1; sheep=3; wheat=3; wood=0; unknown=0; knights=4; dev-cards=2	roads=[105,139; 139,122; 122,106; 106,90; 90,73]; settlements=[105,156; 156,107; 107,73]	you had a lot of point cards?	 	 
569	20:23:11:199	ljaybrad123	clay=1; ore=1; sheep=0; wheat=0; wood=0; unknown=0; knights=2; dev-cards=0	roads=[138,69; 69,137; 137,120; 120,103; 103,86; 86,154; 154,52; 52,36; 36,37; 37,38]; settlements=[154,69]	wow	 	 
570	20:23:12:063	tomas.kostan	clay=0; ore=1; sheep=1; wheat=0; wood=0; unknown=0; knights=0; dev-cards=3	roads=[84,152; 152,135; 135,67; 67,118; 118,101; 101,169; 169,186; 186,202; 202,201; 201,200]; settlements=[101,135; 135,67; 67,203]	thank you. good game	 	 
571	20:23:14:268	ljaybrad123	clay=1; ore=1; sheep=0; wheat=0; wood=0; unknown=0; knights=2; dev-cards=0	roads=[138,69; 69,137; 137,120; 120,103; 103,86; 86,154; 154,52; 52,36; 36,37; 37,38]; settlements=[154,69]	that was quick	 	 
572	20:23:17:553	gotwood4sheep	clay=1; ore=1; sheep=3; wheat=3; wood=0; unknown=0; knights=4; dev-cards=2	roads=[105,139; 139,122; 122,106; 106,90; 90,73]; settlements=[105,156; 156,107; 107,73]	well played :)	 	 
573	20:23:18:896	ljaybrad123	clay=1; ore=1; sheep=0; wheat=0; wood=0; unknown=0; knights=2; dev-cards=0	roads=[138,69; 69,137; 137,120; 120,103; 103,86; 86,154; 154,52; 52,36; 36,37; 37,38]; settlements=[154,69]	very sudden	 	 
574	20:23:23:248	ljaybrad123	clay=1; ore=1; sheep=0; wheat=0; wood=0; unknown=0; knights=2; dev-cards=0	roads=[138,69; 69,137; 137,120; 120,103; 103,86; 86,154; 154,52; 52,36; 36,37; 37,38]; settlements=[154,69]	well done	 	 
575	20:23:44:861	gotwood4sheep	clay=1; ore=1; sheep=3; wheat=3; wood=0; unknown=0; knights=4; dev-cards=2	roads=[105,139; 139,122; 122,106; 106,90; 90,73]; settlements=[105,156; 156,107; 107,73]	well played tomas :D	 	 
576	20:23:46:732	ljaybrad123	clay=1; ore=1; sheep=0; wheat=0; wood=0; unknown=0; knights=2; dev-cards=0	roads=[138,69; 69,137; 137,120; 120,103; 103,86; 86,154; 154,52; 52,36; 36,37; 37,38]; settlements=[154,69]	can we start the next at half oast?	 	 
577	20:23:48:930	tomas.kostan	clay=0; ore=1; sheep=1; wheat=0; wood=0; unknown=0; knights=0; dev-cards=3	roads=[84,152; 152,135; 135,67; 67,118; 118,101; 101,169; 169,186; 186,202; 202,201; 201,200]; settlements=[101,135; 135,67; 67,203]	ok thank you for a game and i will let william in. bye!	 	 
578	20:23:50:683	ljaybrad123	clay=1; ore=1; sheep=0; wheat=0; wood=0; unknown=0; knights=2; dev-cards=0	roads=[138,69; 69,137; 137,120; 120,103; 103,86; 86,154; 154,52; 52,36; 36,37; 37,38]; settlements=[154,69]	i need a brew	 	 
579	20:23:54:907	gotwood4sheep	clay=1; ore=1; sheep=3; wheat=3; wood=0; unknown=0; knights=4; dev-cards=2	roads=[105,139; 139,122; 122,106; 106,90; 90,73]; settlements=[105,156; 156,107; 107,73]	bye Tomas!	 	 
580	20:23:57:698	ljaybrad123	clay=1; ore=1; sheep=0; wheat=0; wood=0; unknown=0; knights=2; dev-cards=0	roads=[138,69; 69,137; 137,120; 120,103; 103,86; 86,154; 154,52; 52,36; 36,37; 37,38]; settlements=[154,69]	bye	 	 
581	20:23:58:794	gotwood4sheep	clay=1; ore=1; sheep=3; wheat=3; wood=0; unknown=0; knights=4; dev-cards=2	roads=[105,139; 139,122; 122,106; 106,90; 90,73]; settlements=[105,156; 156,107; 107,73]	I'm happy to wait 7', yes	 	 
582	20:24:04:662	gotwood4sheep	clay=1; ore=1; sheep=3; wheat=3; wood=0; unknown=0; knights=4; dev-cards=2	roads=[105,139; 139,122; 122,106; 106,90; 90,73]; settlements=[105,156; 156,107; 107,73]	although I have one by my knee	 	 
583	20:24:06:639	ljaybrad123	clay=1; ore=1; sheep=0; wheat=0; wood=0; unknown=0; knights=2; dev-cards=0	roads=[138,69; 69,137; 137,120; 120,103; 103,86; 86,154; 154,52; 52,36; 36,37; 37,38]; settlements=[154,69]	awesome	 	 
584	20:24:08:154	gotwood4sheep	clay=1; ore=1; sheep=3; wheat=3; wood=0; unknown=0; knights=4; dev-cards=2	roads=[105,139; 139,122; 122,106; 106,90; 90,73]; settlements=[105,156; 156,107; 107,73]	table service :)	 	 
585	20:24:09:271	ljaybrad123	clay=1; ore=1; sheep=0; wheat=0; wood=0; unknown=0; knights=2; dev-cards=0	roads=[138,69; 69,137; 137,120; 120,103; 103,86; 86,154; 154,52; 52,36; 36,37; 37,38]; settlements=[154,69]	back in 5	 	 
586	20:24:14:717	gotwood4sheep	clay=1; ore=1; sheep=3; wheat=3; wood=0; unknown=0; knights=4; dev-cards=2	roads=[105,139; 139,122; 122,106; 106,90; 90,73]; settlements=[105,156; 156,107; 107,73]	william, we ok to start in 6 mins?	 	 
587	20:24:14:829	ljaybrad123	clay=1; ore=1; sheep=0; wheat=0; wood=0; unknown=0; knights=2; dev-cards=0	roads=[138,69; 69,137; 137,120; 120,103; 103,86; 86,154; 154,52; 52,36; 36,37; 37,38]; settlements=[154,69]	my flatmate is too laxy	 	 
588	20:24:20:301	gotwood4sheep	clay=1; ore=1; sheep=3; wheat=3; wood=0; unknown=0; knights=4; dev-cards=2	roads=[105,139; 139,122; 122,106; 106,90; 90,73]; settlements=[105,156; 156,107; 107,73]	mine is my spouse	 	 
589	20:24:28:962	gotwood4sheep	clay=1; ore=1; sheep=3; wheat=3; wood=0; unknown=0; knights=4; dev-cards=2	roads=[105,139; 139,122; 122,106; 106,90; 90,73]; settlements=[105,156; 156,107; 107,73]	we have a special relationship, as the politicians say	 	 
590	20:24:35:231	ljaybrad123	clay=1; ore=1; sheep=0; wheat=0; wood=0; unknown=0; knights=2; dev-cards=0	roads=[138,69; 69,137; 137,120; 120,103; 103,86; 86,154; 154,52; 52,36; 36,37; 37,38]; settlements=[154,69]	:D	 	 
591	20:24:42:833	ljaybrad123	clay=1; ore=1; sheep=0; wheat=0; wood=0; unknown=0; knights=2; dev-cards=0	roads=[138,69; 69,137; 137,120; 120,103; 103,86; 86,154; 154,52; 52,36; 36,37; 37,38]; settlements=[154,69]	I have a lazy bf/flatmate :p	 	 
592	20:25:03:793	gotwood4sheep	clay=1; ore=1; sheep=3; wheat=3; wood=0; unknown=0; knights=4; dev-cards=2	roads=[105,139; 139,122; 122,106; 106,90; 90,73]; settlements=[105,156; 156,107; 107,73]	william, do we need to hit restart for you to grab a seat?	 	 
593	20:26:46:586	ljaybrad123	clay=1; ore=1; sheep=0; wheat=0; wood=0; unknown=0; knights=2; dev-cards=0	roads=[138,69; 69,137; 137,120; 120,103; 103,86; 86,154; 154,52; 52,36; 36,37; 37,38]; settlements=[154,69]	we need to start a new game	 	 
594	20:26:55:574	ljaybrad123	clay=1; ore=1; sheep=0; wheat=0; wood=0; unknown=0; knights=2; dev-cards=0	roads=[138,69; 69,137; 137,120; 120,103; 103,86; 86,154; 154,52; 52,36; 36,37; 37,38]; settlements=[154,69]	close this window and ill set it up	 	 
595	20:27:00:790	gotwood4sheep	clay=1; ore=1; sheep=3; wheat=3; wood=0; unknown=0; knights=4; dev-cards=2	roads=[105,139; 139,122; 122,106; 106,90; 90,73]; settlements=[105,156; 156,107; 107,73]	ok :)	 	 
595.1	20:30:12:494	gotwood4sheep	 	 	william - we're at a new table (1.2)	 	 
595.2	20:30:14:989	gotwood4sheep	 	 	join us :D	 	 
