ID	Timestamp	Emitter	Resources	Buildups	Text	Annotation	Comment
1	20:58:18:542	amycharl	clay=0; ore=0; sheep=0; wheat=0; wood=0; unknown=0; knights=0; dev-cards=0		i made it!	 	 
2	20:59:34:669	amycharl	clay=0; ore=0; sheep=0; wheat=0; wood=0; unknown=0; knights=0; dev-cards=0		did the game happen at 7?	 	 
3	21:03:38:008	skinnylinny	clay=0; ore=0; sheep=0; wheat=0; wood=0; unknown=0; knights=0; dev-cards=0		It didn't, no	 	 
4	21:03:47:124	skinnylinny	clay=0; ore=0; sheep=0; wheat=0; wood=0; unknown=0; knights=0; dev-cards=0		Nobody turned up apart from sabercat and me	 	 
5	21:03:57:526	amycharl	clay=0; ore=0; sheep=0; wheat=0; wood=0; unknown=0; knights=0; dev-cards=0		aww, sorry	 	 
6	21:04:02:348	amycharl	clay=0; ore=0; sheep=0; wheat=0; wood=0; unknown=0; knights=0; dev-cards=0		well im her now!	 	 
7	21:04:05:049	amycharl	clay=0; ore=0; sheep=0; wheat=0; wood=0; unknown=0; knights=0; dev-cards=0		:)	 	 
8	21:04:10:598	amycharl	clay=0; ore=0; sheep=0; wheat=0; wood=0; unknown=0; knights=0; dev-cards=0		*here	 	 
9	21:04:30:672	amycharl	clay=0; ore=0; sheep=0; wheat=0; wood=0; unknown=0; knights=0; dev-cards=0		its seriosuly annoying, i have no interenet and have managed to get to a friends and use her laptop 	 	 
10	21:05:04:019	skinnylinny	clay=0; ore=0; sheep=0; wheat=0; wood=0; unknown=0; knights=0; dev-cards=0		Why no internet?	 	 
11	21:05:26:968	amycharl	clay=0; ore=0; sheep=0; wheat=0; wood=0; unknown=0; knights=0; dev-cards=0		i am rabbit sitting for my friend at hers and he chewed through the adsl cable!	 	 
12	21:06:38:622	skinnylinny	clay=0; ore=0; sheep=0; wheat=0; wood=0; unknown=0; knights=0; dev-cards=0		Ah! Not good!	 	 
13	21:08:21:159	skinnylinny	clay=0; ore=0; sheep=0; wheat=0; wood=0; unknown=0; knights=0; dev-cards=0		Well, there are three of us, at least... worth waiting until quarter past?	 	 
14	21:08:30:597	amycharl	clay=0; ore=0; sheep=0; wheat=0; wood=0; unknown=0; knights=0; dev-cards=0		im happy to	 	 
15	21:08:38:028	amycharl	clay=0; ore=0; sheep=0; wheat=0; wood=0; unknown=0; knights=0; dev-cards=0		but if no1 comes we should play anyway	 	 
16	21:08:51:445	amycharl	clay=0; ore=0; sheep=0; wheat=0; wood=0; unknown=0; knights=0; dev-cards=0		i ran through the rain to get here!	 	 
17	21:08:54:653	amycharl	clay=0; ore=0; sheep=0; wheat=0; wood=0; unknown=0; knights=0; dev-cards=0		:)	 	 
18	21:12:22:673	skinnylinny	clay=0; ore=0; sheep=0; wheat=0; wood=0; unknown=0; knights=0; dev-cards=0		Heh	 	 
19	21:12:58:619	amycharl	clay=0; ore=0; sheep=0; wheat=0; wood=0; unknown=0; knights=0; dev-cards=0		can you guys do tomorow night too?	 	 
20	21:13:03:819	sabercat	clay=0; ore=0; sheep=0; wheat=0; wood=0; unknown=0; knights=0; dev-cards=0		no	 	 
21	21:13:09:896	amycharl	clay=0; ore=0; sheep=0; wheat=0; wood=0; unknown=0; knights=0; dev-cards=0		or when can you do, the game we should have played at 7	 	 
22	21:13:16:522	amycharl	clay=0; ore=0; sheep=0; wheat=0; wood=0; unknown=0; knights=0; dev-cards=0		?	 	 
23	21:13:23:482	skinnylinny	clay=0; ore=0; sheep=0; wheat=0; wood=0; unknown=0; knights=0; dev-cards=0		I can't, I'm afraid	 	 
24	21:13:27:170	skinnylinny	clay=0; ore=0; sheep=0; wheat=0; wood=0; unknown=0; knights=0; dev-cards=0		Not tomorrow, anyway	 	 
25	21:14:15:537	amycharl	clay=0; ore=0; sheep=0; wheat=0; wood=0; unknown=0; knights=0; dev-cards=0		when can you do?	 	 
26	21:14:27:507	amycharl	clay=0; ore=0; sheep=0; wheat=0; wood=0; unknown=0; knights=0; dev-cards=0		i would do later tonight if we could	 	 
27	21:14:29:443	amycharl	clay=0; ore=0; sheep=0; wheat=0; wood=0; unknown=0; knights=0; dev-cards=0		:)	 	 
28	21:14:36:399	skinnylinny	clay=0; ore=0; sheep=0; wheat=0; wood=0; unknown=0; knights=0; dev-cards=0		I could do later	 	 
29	21:15:34:004	amycharl	clay=0; ore=0; sheep=0; wheat=0; wood=0; unknown=0; knights=0; dev-cards=0		wanna start?	 	 
30	21:17:09:022	skinnylinny	clay=0; ore=0; sheep=0; wheat=0; wood=0; unknown=0; knights=0; dev-cards=0		Sure	 	 
31	21:18:19:377	Server	 		amycharl built a settlement.	 	 
32	21:18:25:846	Server	 		amycharl built a road.	 	 
33	21:18:41:828	Server	 		sabercat built a settlement.	 	 
34	21:18:44:974	Server	 		sabercat built a road.	 	 
35	21:19:05:368	Server	 		skinnylinny built a settlement.	 	 
36	21:19:11:969	Server	 		skinnylinny built a road.	 	 
37	21:19:39:167	Server	 		skinnylinny built a settlement.	 	 
38	21:19:40:240	Server	 		skinnylinny built a road.	 	 
39	21:20:21:924	Server	 		sabercat built a settlement.	 	 
40	21:20:24:015	Server	 		sabercat built a road.	 	 
41	21:21:10:551	Server	 		amycharl built a settlement.	 	 
42	21:21:18:689	Server	 		amycharl built a road.	 	 
43	21:21:25:483	Server	 		amycharl rolled a 3 and a 2.	 	 
44	21:21:25:484	Server	 		skinnylinny gets 1 wood. amycharl gets 1 wood.	 	 
45	21:21:40:468	Server	 		sabercat rolled a 5 and a 2.	 	 
46	21:21:56:330	Server	 		skinnylinny rolled a 4 and a 6.	 	 
47	21:21:56:330	Server	 		sabercat gets 1 sheep, 1 wood.	 	 
48	21:22:47:348	Server	 		amycharl rolled a 5 and a 4.	 	 
49	21:22:47:349	Server	 		sabercat gets 1 clay. amycharl gets 1 clay.	 	 
50	21:22:55:425	Server	 		amycharl built a road.	 	 
51	21:23:05:494	Server	 		sabercat rolled a 6 and a 1.	 	 
52	21:23:24:651	Server	 		sabercat built a road.	 	 
53	21:23:34:371	Server	 		skinnylinny rolled a 1 and a 1.	 	 
54	21:23:34:372	Server	 		No player gets anything.	 	 
55	21:24:31:749	Server	 		amycharl rolled a 1 and a 2.	 	 
56	21:24:31:749	Server	 		amycharl gets 1 sheep.	 	 
57	21:24:45:299	Server	 		sabercat rolled a 4 and a 5.	 	 
58	21:24:45:299	Server	 		sabercat gets 1 clay. skinnylinny gets 1 ore. amycharl gets 1 clay.	 	 
59	21:25:02:385	sabercat	clay=0; ore=0; sheep=2; wheat=1; wood=2; unknown=0; knights=0; dev-cards=0	roads=[135,154; 154,118]; settlements=[135,171]	amy, can you trade clay?	 	 
60	21:25:16:543	sabercat	clay=0; ore=0; sheep=2; wheat=1; wood=2; unknown=0; knights=0; dev-cards=0	roads=[135,154; 154,118]; settlements=[135,171]	for wood or sheep?	 	 
61	21:25:22:229	amycharl	clay=1; ore=0; sheep=2; wheat=0; wood=2; unknown=0; knights=0; dev-cards=0	roads=[168,137; 137,138]; settlements=[184,137]	i only have one and i want it, sorry	 	 
62	21:25:26:813	Server	 		sabercat built a road.	 	 
63	21:25:31:543	Server	 		skinnylinny rolled a 5 and a 4.	 	 
64	21:25:31:544	Server	 		sabercat gets 1 clay. skinnylinny gets 1 ore. amycharl gets 1 clay.	 	 
65	21:26:21:087	skinnylinny	clay=0; ore=2; sheep=1; wheat=1; wood=0; unknown=0; knights=0; dev-cards=0	roads=[88,71]; settlements=[105,71]	Ugh, I thought I'd built next to clay...	 	 
66	21:26:32:719	Server	 		amycharl rolled a 4 and a 4.	 	 
67	21:26:32:720	Server	 		sabercat gets 1 wheat.	 	 
68	21:27:12:351	Server	 		amycharl built a road.	 	 
69	21:27:32:942	Server	 		amycharl built a road.	 	 
70	21:27:52:528	Server	 		sabercat rolled a 5 and a 6.	 	 
71	21:27:52:529	Server	 		sabercat gets 1 wood. skinnylinny gets 1 wood. amycharl gets 1 wood.	 	 
72	21:28:00:491	Server	 		sabercat built a settlement.	 	 
73	21:28:13:363	sabercat	clay=0; ore=0; sheep=1; wheat=1; wood=2; unknown=0; knights=0; dev-cards=0	roads=[135,154; 154,118; 118,101]; settlements=[135,171; 171,101]	skinny, got some ore?	 	 
74	21:28:26:632	skinnylinny	clay=0; ore=2; sheep=1; wheat=1; wood=1; unknown=0; knights=0; dev-cards=0	roads=[88,71]; settlements=[105,71]	I have...	 	 
75	21:28:35:714	skinnylinny	clay=0; ore=2; sheep=1; wheat=1; wood=1; unknown=0; knights=0; dev-cards=0	roads=[88,71]; settlements=[105,71]	Trade you an ore for a clay?	 	 
76	21:28:41:894	sabercat	clay=0; ore=0; sheep=1; wheat=1; wood=2; unknown=0; knights=0; dev-cards=0	roads=[135,154; 154,118; 118,101]; settlements=[135,171; 171,101]	will you trade for wood? no clay	 	 
77	21:28:48:273	skinnylinny	clay=0; ore=2; sheep=1; wheat=1; wood=1; unknown=0; knights=0; dev-cards=0	roads=[88,71]; settlements=[105,71]	Got wood, thanks	 	 
78	21:29:08:818	skinnylinny	clay=0; ore=2; sheep=1; wheat=1; wood=1; unknown=0; knights=0; dev-cards=0	roads=[88,71]; settlements=[105,71]	:P	 	 
79	21:29:13:395	Server	 		skinnylinny rolled a 6 and a 3.	 	 
80	21:29:13:396	Server	 		sabercat gets 1 clay. skinnylinny gets 1 ore. amycharl gets 1 clay.	 	 
81	21:29:21:073	sabercat	clay=1; ore=0; sheep=1; wheat=1; wood=2; unknown=0; knights=0; dev-cards=0	roads=[135,154; 154,118; 118,101]; settlements=[135,171; 171,101]	got clay?	 	 
82	21:29:27:426	skinnylinny	clay=0; ore=3; sheep=1; wheat=1; wood=1; unknown=0; knights=0; dev-cards=0	roads=[88,71]; settlements=[105,71]	Nope	 	 
83	21:29:32:845	sabercat	clay=1; ore=0; sheep=1; wheat=1; wood=2; unknown=0; knights=0; dev-cards=0	roads=[135,154; 154,118; 118,101]; settlements=[135,171; 171,101]	I got clay	 	 
84	21:29:36:766	skinnylinny	clay=0; ore=3; sheep=1; wheat=1; wood=1; unknown=0; knights=0; dev-cards=0	roads=[88,71]; settlements=[105,71]	I know	 	 
85	21:29:39:005	sabercat	clay=1; ore=0; sheep=1; wheat=1; wood=2; unknown=0; knights=0; dev-cards=0	roads=[135,154; 154,118; 118,101]; settlements=[135,171; 171,101]	want to trade for the ore...	 	 
86	21:29:40:726	sabercat	clay=1; ore=0; sheep=1; wheat=1; wood=2; unknown=0; knights=0; dev-cards=0	roads=[135,154; 154,118; 118,101]; settlements=[135,171; 171,101]	:D	 	 
87	21:29:43:111	skinnylinny	clay=0; ore=3; sheep=1; wheat=1; wood=1; unknown=0; knights=0; dev-cards=0	roads=[88,71]; settlements=[105,71]	Sure	 	 
88	21:30:04:401	sabercat	clay=1; ore=0; sheep=1; wheat=1; wood=2; unknown=0; knights=0; dev-cards=0	roads=[135,154; 154,118; 118,101]; settlements=[135,171; 171,101]	so set it up	 	 
89	21:30:11:919	Server	 		skinnylinny made an offer to trade 1 ore for 1 clay.	 	 
90	21:30:15:936	Server	 		skinnylinny traded 1 ore for 1 clay from sabercat.	 	 
91	21:30:51:818	Server	 		skinnylinny built a road.	 	 
92	21:31:02:793	Server	 		amycharl rolled a 2 and a 1.	 	 
93	21:31:02:793	Server	 		sabercat gets 1 ore. amycharl gets 1 sheep.	 	 
94	21:31:12:023	Server	 		amycharl built a road.	 	 
95	21:31:23:324	Server	 		sabercat rolled a 6 and a 1.	 	 
96	21:31:47:225	sabercat	clay=0; ore=3; sheep=1; wheat=1; wood=2; unknown=0; knights=0; dev-cards=0	roads=[135,154; 154,118; 118,101]; settlements=[135,171; 171,101]	anyone can get wheat?	 	 
97	21:31:47:230	skinnylinny	clay=0; ore=0; sheep=0; wheat=0; wood=0; unknown=0; knights=0; dev-cards=1	roads=[88,71; 71,70]; settlements=[105,71]	Meanie!	 	 
98	21:31:53:300	sabercat	clay=0; ore=3; sheep=1; wheat=1; wood=2; unknown=0; knights=0; dev-cards=0	roads=[135,154; 154,118; 118,101]; settlements=[135,171; 171,101]	me?	 	 
99	21:31:54:360	skinnylinny	clay=0; ore=0; sheep=0; wheat=0; wood=0; unknown=0; knights=0; dev-cards=1	roads=[88,71; 71,70]; settlements=[105,71]	I can	 	 
100	21:32:02:594	sabercat	clay=0; ore=3; sheep=1; wheat=1; wood=2; unknown=0; knights=0; dev-cards=0	roads=[135,154; 154,118; 118,101]; settlements=[135,171; 171,101]	okay, for wood or sheep?	 	 
101	21:32:26:568	skinnylinny	clay=0; ore=0; sheep=0; wheat=0; wood=0; unknown=0; knights=0; dev-cards=1	roads=[88,71; 71,70]; settlements=[105,71]	I have nothing at the moment :P	 	 
102	21:32:58:145	sabercat	clay=0; ore=3; sheep=1; wheat=1; wood=2; unknown=0; knights=0; dev-cards=0	roads=[135,154; 154,118; 118,101]; settlements=[135,171; 171,101]	so want sheep or wood?	 	 
103	21:33:06:511	sabercat	clay=0; ore=3; sheep=1; wheat=1; wood=2; unknown=0; knights=0; dev-cards=0	roads=[135,154; 154,118; 118,101]; settlements=[135,171; 171,101]	oh, okay	 	 
104	21:33:22:390	Server	 		skinnylinny rolled a 1 and a 1.	 	 
105	21:33:22:390	Server	 		No player gets anything.	 	 
106	21:34:02:735	Server	 		amycharl rolled a 2 and a 1.	 	 
107	21:34:02:735	Server	 		sabercat gets 1 ore. amycharl gets 1 sheep.	 	 
108	21:34:53:546	Server	 		sabercat rolled a 1 and a 6.	 	 
109	21:35:47:755	Server	 		skinnylinny rolled a 6 and a 2.	 	 
110	21:35:47:755	Server	 		sabercat gets 2 wheat.	 	 
111	21:36:39:259	sabercat	clay=0; ore=3; sheep=0; wheat=3; wood=0; unknown=0; knights=0; dev-cards=0	roads=[135,154; 154,118; 118,101]; settlements=[135,171; 171,101]	thank you!!!!	 	 
112	21:36:51:465	Server	 		amycharl rolled a 4 and a 5.	 	 
113	21:36:51:467	Server	 		sabercat gets 1 clay. skinnylinny gets 1 ore. amycharl gets 1 clay.	 	 
114	21:36:53:035	skinnylinny	clay=0; ore=1; sheep=0; wheat=0; wood=0; unknown=0; knights=0; dev-cards=1	roads=[88,71; 71,70]; settlements=[105,71]	Heh, you're welcome!	 	 
115	21:37:14:616	amycharl	clay=1; ore=0; sheep=4; wheat=0; wood=0; unknown=0; knights=0; dev-cards=0	roads=[168,137; 137,138; 138,169; 169,186; 186,203]; settlements=[184,137]	anyone want a sheep for some wood?	 	 
116	21:37:43:215	skinnylinny	clay=0; ore=1; sheep=0; wheat=0; wood=0; unknown=0; knights=0; dev-cards=1	roads=[88,71; 71,70]; settlements=[105,71]	no thanks	 	 
117	21:37:58:148	Server	 		sabercat rolled a 2 and a 4.	 	 
118	21:37:58:148	Server	 		amycharl gets 1 clay.	 	 
119	21:38:16:842	Server	 		sabercat built a city.	 	 
120	21:38:19:735	sabercat	clay=1; ore=0; sheep=0; wheat=1; wood=0; unknown=0; knights=0; dev-cards=0	roads=[135,154; 154,118; 118,101]; settlements=[135,171]	btw, I need to go away for 2 min after I roll, okay?	 	 
121	21:38:26:017	skinnylinny	clay=0; ore=1; sheep=0; wheat=0; wood=0; unknown=0; knights=0; dev-cards=1	roads=[88,71; 71,70]; settlements=[105,71]	Sure, ok	 	 
122	21:38:29:006	Server	 		skinnylinny rolled a 1 and a 5.	 	 
123	21:38:29:006	Server	 		amycharl gets 1 clay.	 	 
124	21:38:34:239	amycharl	clay=3; ore=0; sheep=4; wheat=0; wood=0; unknown=0; knights=0; dev-cards=0	roads=[168,137; 137,138; 138,169; 169,186; 186,203]; settlements=[184,137]	ok	 	 
125	21:38:39:740	Server	 		amycharl rolled a 3 and a 6.	 	 
126	21:38:39:740	Server	 		sabercat gets 1 clay. skinnylinny gets 1 ore. amycharl gets 1 clay.	 	 
127	21:38:54:886	amycharl	clay=4; ore=0; sheep=4; wheat=0; wood=0; unknown=0; knights=0; dev-cards=0	roads=[168,137; 137,138; 138,169; 169,186; 186,203]; settlements=[184,137]	you want any sheep or clay?	 	 
128	21:40:27:272	Server	 		amycharl traded 4 sheep for 1 wheat from the bank.	 	 
129	21:40:37:486	Server	 		sabercat rolled a 4 and a 5.	 	 
130	21:40:37:487	Server	 		sabercat gets 1 clay. skinnylinny gets 1 ore. amycharl gets 1 clay.	 	 
131	21:40:52:248	Server	 		skinnylinny rolled a 6 and a 3.	 	 
132	21:40:52:248	Server	 		sabercat gets 1 clay. skinnylinny gets 1 ore. amycharl gets 1 clay.	 	 
133	21:41:31:829	Server	 		amycharl rolled a 4 and a 6.	 	 
134	21:41:31:829	Server	 		sabercat gets 3 sheep, 1 wood.	 	 
135	21:41:51:060	amycharl	clay=6; ore=0; sheep=0; wheat=1; wood=0; unknown=0; knights=0; dev-cards=0	roads=[168,137; 137,138; 138,169; 169,186; 186,203]; settlements=[184,137]	want some clay?	 	 
136	21:41:58:401	skinnylinny	clay=0; ore=4; sheep=0; wheat=0; wood=0; unknown=0; knights=1; dev-cards=0	roads=[88,71; 71,70]; settlements=[105,71]	Please	 	 
137	21:42:14:645	skinnylinny	clay=0; ore=4; sheep=0; wheat=0; wood=0; unknown=0; knights=1; dev-cards=0	roads=[88,71; 71,70]; settlements=[105,71]	I only have ore to offer	 	 
138	21:42:25:828	amycharl	clay=6; ore=0; sheep=0; wheat=1; wood=0; unknown=0; knights=0; dev-cards=0	roads=[168,137; 137,138; 138,169; 169,186; 186,203]; settlements=[184,137]	oh...	 	 
139	21:42:36:175	amycharl	clay=6; ore=0; sheep=0; wheat=1; wood=0; unknown=0; knights=0; dev-cards=0	roads=[168,137; 137,138; 138,169; 169,186; 186,203]; settlements=[184,137]	how much?	 	 
140	21:42:48:763	skinnylinny	clay=0; ore=4; sheep=0; wheat=0; wood=0; unknown=0; knights=1; dev-cards=0	roads=[88,71; 71,70]; settlements=[105,71]	I have four... But could do with other materials	 	 
141	21:43:42:389	amycharl	clay=6; ore=0; sheep=0; wheat=1; wood=0; unknown=0; knights=0; dev-cards=0	roads=[168,137; 137,138; 138,169; 169,186; 186,203]; settlements=[184,137]	well ill give you 3 clay for 3 ore	 	 
142	21:43:53:047	skinnylinny	clay=0; ore=4; sheep=0; wheat=0; wood=0; unknown=0; knights=1; dev-cards=0	roads=[88,71; 71,70]; settlements=[105,71]	Hmmm, sounds like a deal	 	 
143	21:44:10:518	skinnylinny	clay=0; ore=4; sheep=0; wheat=0; wood=0; unknown=0; knights=1; dev-cards=0	roads=[88,71; 71,70]; settlements=[105,71]	ADDTIME	 	 
144	21:44:10:745	Server	 		amycharl made an offer to trade 3 clay for 3 ore.	 	 
145	21:44:32:840	Server	 		amycharl traded 3 clay for 3 ore from skinnylinny.	 	 
146	21:44:58:442	Server	 		sabercat rolled a 6 and a 1.	 	 
147	21:45:31:350	Server	 		skinnylinny rolled a 6 and a 4.	 	 
148	21:45:31:350	Server	 		sabercat gets 3 sheep, 1 wood.	 	 
149	21:46:20:109	Server	 		amycharl rolled a 2 and a 1.	 	 
150	21:46:20:109	Server	 		sabercat gets 2 ore. amycharl gets 1 sheep.	 	 
151	21:46:41:732	amycharl	clay=3; ore=3; sheep=1; wheat=1; wood=0; unknown=0; knights=0; dev-cards=0	roads=[168,137; 137,138; 138,169; 169,186; 186,203]; settlements=[184,137]	got wood anyone?	 	 
152	21:46:48:835	sabercat	clay=2; ore=2; sheep=5; wheat=1; wood=2; unknown=0; knights=0; dev-cards=0	roads=[135,154; 154,118; 118,101]; settlements=[135,171]	yep, for what?	 	 
153	21:46:58:563	amycharl	clay=3; ore=3; sheep=1; wheat=1; wood=0; unknown=0; knights=0; dev-cards=0	roads=[168,137; 137,138; 138,169; 169,186; 186,203]; settlements=[184,137]	clay preferably	 	 
154	21:47:05:110	sabercat	clay=2; ore=2; sheep=5; wheat=1; wood=2; unknown=0; knights=0; dev-cards=0	roads=[135,154; 154,118; 118,101]; settlements=[135,171]	no way	 	 
155	21:47:17:080	amycharl	clay=3; ore=3; sheep=1; wheat=1; wood=0; unknown=0; knights=0; dev-cards=0	roads=[168,137; 137,138; 138,169; 169,186; 186,203]; settlements=[184,137]	ore?	 	 
156	21:47:24:732	sabercat	clay=2; ore=2; sheep=5; wheat=1; wood=2; unknown=0; knights=0; dev-cards=0	roads=[135,154; 154,118; 118,101]; settlements=[135,171]	could be	 	 
157	21:47:30:045	amycharl	clay=3; ore=3; sheep=1; wheat=1; wood=0; unknown=0; knights=0; dev-cards=0	roads=[168,137; 137,138; 138,169; 169,186; 186,203]; settlements=[184,137]	:)	 	 
158	21:48:04:977	Server	 		amycharl made an offer to trade 1 ore for 1 wood.	 	 
159	21:48:10:493	Server	 		amycharl traded 1 ore for 1 wood from sabercat.	 	 
160	21:48:13:127	amycharl	clay=3; ore=2; sheep=1; wheat=1; wood=1; unknown=0; knights=0; dev-cards=0	roads=[168,137; 137,138; 138,169; 169,186; 186,203]; settlements=[184,137]	?	 	 
161	21:48:28:028	amycharl	clay=3; ore=2; sheep=1; wheat=1; wood=1; unknown=0; knights=0; dev-cards=0	roads=[168,137; 137,138; 138,169; 169,186; 186,203]; settlements=[184,137]	thanks	 	 
162	21:48:35:533	sabercat	clay=2; ore=3; sheep=5; wheat=1; wood=1; unknown=0; knights=0; dev-cards=0	roads=[135,154; 154,118; 118,101]; settlements=[135,171]	yep, thank you	 	 
163	21:48:35:792	Server	 		amycharl built a settlement.	 	 
164	21:48:49:485	Server	 		sabercat rolled a 2 and a 6.	 	 
165	21:48:49:486	Server	 		sabercat gets 3 wheat. amycharl gets 1 wheat.	 	 
166	21:48:59:135	Server	 		sabercat built a city.	 	 
167	21:49:07:970	Server	 		sabercat built a road.	 	 
168	21:49:17:870	sabercat	clay=1; ore=0; sheep=5; wheat=2; wood=0; unknown=0; knights=0; dev-cards=0	roads=[135,154; 154,118; 118,101; 101,84]; cities=[101,135]	anyone got wood or ore?	 	 
169	21:49:30:529	skinnylinny	clay=2; ore=1; sheep=0; wheat=0; wood=0; unknown=0; knights=1; dev-cards=0	roads=[88,71; 71,70]; settlements=[105,71]	I have ore	 	 
170	21:49:36:110	amycharl	clay=2; ore=2; sheep=0; wheat=1; wood=0; unknown=0; knights=0; dev-cards=0	roads=[168,137; 137,138; 138,169; 169,186; 186,203]; settlements=[184,137; 137,220]	me too	 	 
171	21:49:48:936	sabercat	clay=1; ore=0; sheep=5; wheat=2; wood=0; unknown=0; knights=0; dev-cards=0	roads=[135,154; 154,118; 118,101; 101,84]; cities=[101,135]	want to trade for sheep?	 	 
172	21:50:08:007	skinnylinny	clay=2; ore=1; sheep=0; wheat=0; wood=0; unknown=0; knights=1; dev-cards=0	roads=[88,71; 71,70]; settlements=[105,71]	No thanks	 	 
173	21:50:15:326	amycharl	clay=2; ore=2; sheep=0; wheat=1; wood=0; unknown=0; knights=0; dev-cards=0	roads=[168,137; 137,138; 138,169; 169,186; 186,203]; settlements=[184,137; 137,220]	ill give an ore for two sheep	 	 
174	21:50:31:018	sabercat	clay=1; ore=0; sheep=5; wheat=2; wood=0; unknown=0; knights=0; dev-cards=0	roads=[135,154; 154,118; 118,101; 101,84]; cities=[101,135]	okay	 	 
175	21:50:33:734	amycharl	clay=2; ore=2; sheep=0; wheat=1; wood=0; unknown=0; knights=0; dev-cards=0	roads=[168,137; 137,138; 138,169; 169,186; 186,203]; settlements=[184,137; 137,220]	coz id rather have the ore really...	 	 
176	21:50:40:130	Server	 		sabercat made an offer to trade 2 sheep for 1 ore.	 	 
177	21:50:46:871	Server	 		sabercat traded 2 sheep for 1 ore from amycharl.	 	 
178	21:51:11:373	sabercat	clay=1; ore=1; sheep=3; wheat=2; wood=0; unknown=0; knights=0; dev-cards=0	roads=[135,154; 154,118; 118,101; 101,84]; cities=[101,135]	thanks!	 	 
179	21:51:22:544	Server	 		skinnylinny rolled a 1 and a 5.	 	 
180	21:51:22:545	Server	 		skinnylinny gets 2 wheat. amycharl gets 1 clay.	 	 
181	21:51:46:919	Server	 		amycharl rolled a 6 and a 4.	 	 
182	21:51:46:919	Server	 		sabercat gets 4 sheep, 1 wood.	 	 
183	21:52:07:712	Server	 		amycharl traded 2 clay for 1 wood from a port.	 	 
184	21:52:21:664	Server	 		amycharl built a settlement.	 	 
185	21:52:30:567	Server	 		sabercat rolled a 4 and a 1.	 	 
186	21:52:30:568	Server	 		skinnylinny gets 1 wood. amycharl gets 2 wood.	 	 
187	21:53:04:577	sabercat	clay=1; ore=0; sheep=6; wheat=1; wood=1; unknown=0; knights=0; dev-cards=1	roads=[135,154; 154,118; 118,101; 101,84]; cities=[101,135]	anyone has wood?	 	 
188	21:53:08:668	skinnylinny	clay=2; ore=1; sheep=0; wheat=2; wood=1; unknown=0; knights=1; dev-cards=0	roads=[88,71; 71,70]; settlements=[105,71]	I do	 	 
189	21:53:13:534	sabercat	clay=1; ore=0; sheep=6; wheat=1; wood=1; unknown=0; knights=0; dev-cards=1	roads=[135,154; 154,118; 118,101; 101,84]; cities=[101,135]	how much?	 	 
190	21:53:21:509	skinnylinny	clay=2; ore=1; sheep=0; wheat=2; wood=1; unknown=0; knights=1; dev-cards=0	roads=[88,71; 71,70]; settlements=[105,71]	one, what are you offering?	 	 
191	21:53:26:701	sabercat	clay=1; ore=0; sheep=6; wheat=1; wood=1; unknown=0; knights=0; dev-cards=1	roads=[135,154; 154,118; 118,101; 101,84]; cities=[101,135]	sheep?	 	 
192	21:53:45:153	skinnylinny	clay=2; ore=1; sheep=0; wheat=2; wood=1; unknown=0; knights=1; dev-cards=0	roads=[88,71; 71,70]; settlements=[105,71]	hmmm, one sheep for a wood?	 	 
193	21:54:04:111	sabercat	clay=1; ore=0; sheep=6; wheat=1; wood=1; unknown=0; knights=0; dev-cards=1	roads=[135,154; 154,118; 118,101; 101,84]; cities=[101,135]	yep	 	 
194	21:54:12:976	skinnylinny	clay=2; ore=1; sheep=0; wheat=2; wood=1; unknown=0; knights=1; dev-cards=0	roads=[88,71; 71,70]; settlements=[105,71]	Done	 	 
195	21:54:24:354	Server	 		sabercat made an offer to trade 1 sheep for 1 wood.	 	 
196	21:54:41:701	Server	 		sabercat traded 1 sheep for 1 wood from skinnylinny.	 	 
197	21:54:54:065	sabercat	clay=1; ore=0; sheep=5; wheat=1; wood=2; unknown=0; knights=0; dev-cards=1	roads=[135,154; 154,118; 118,101; 101,84]; cities=[101,135]	thanks	 	 
198	21:54:58:901	skinnylinny	clay=2; ore=1; sheep=1; wheat=2; wood=0; unknown=0; knights=1; dev-cards=0	roads=[88,71; 71,70]; settlements=[105,71]	You're welcome	 	 
199	21:54:59:515	sabercat	clay=1; ore=0; sheep=5; wheat=1; wood=2; unknown=0; knights=0; dev-cards=1	roads=[135,154; 154,118; 118,101; 101,84]; cities=[101,135]	anyone has clay?	 	 
200	21:55:08:941	skinnylinny	clay=2; ore=1; sheep=1; wheat=2; wood=0; unknown=0; knights=1; dev-cards=0	roads=[88,71; 71,70]; settlements=[105,71]	Also, yes.	 	 
201	21:55:22:491	sabercat	clay=1; ore=0; sheep=5; wheat=1; wood=2; unknown=0; knights=0; dev-cards=1	roads=[135,154; 154,118; 118,101; 101,84]; cities=[101,135]	can you do for another sheep? or	 	 
202	21:55:26:199	sabercat	clay=1; ore=0; sheep=5; wheat=1; wood=2; unknown=0; knights=0; dev-cards=1	roads=[135,154; 154,118; 118,101; 101,84]; cities=[101,135]	two?	 	 
203	21:56:31:240	skinnylinny	clay=2; ore=1; sheep=1; wheat=2; wood=0; unknown=0; knights=1; dev-cards=0	roads=[88,71; 71,70]; settlements=[105,71]	Ah, actually, I can't, sorry.	 	 
204	21:56:50:466	sabercat	clay=3; ore=0; sheep=5; wheat=1; wood=2; unknown=0; knights=0; dev-cards=0	roads=[135,154; 154,118; 118,101; 101,84]; cities=[101,135]	sure you can!	 	 
205	21:56:55:793	Server	 		sabercat built a road.	 	 
206	21:56:57:720	skinnylinny	clay=0; ore=1; sheep=1; wheat=2; wood=0; unknown=0; knights=1; dev-cards=0	roads=[88,71; 71,70]; settlements=[105,71]	I kinda need it	 	 
207	21:57:01:041	Server	 		sabercat built a settlement.	 	 
208	21:57:02:183	skinnylinny	clay=0; ore=1; sheep=1; wheat=2; wood=0; unknown=0; knights=1; dev-cards=0	roads=[88,71; 71,70]; settlements=[105,71]	Wait	 	 
209	21:57:04:750	skinnylinny	clay=0; ore=1; sheep=1; wheat=2; wood=0; unknown=0; knights=1; dev-cards=0	roads=[88,71; 71,70]; settlements=[105,71]	D:	 	 
210	21:57:06:370	sabercat	clay=1; ore=0; sheep=4; wheat=0; wood=0; unknown=0; knights=0; dev-cards=0	roads=[135,154; 154,118; 118,101; 101,84; 84,68]; settlements=[171,69]; cities=[101,135]	:D	 	 
211	21:57:10:125	skinnylinny	clay=0; ore=1; sheep=1; wheat=2; wood=0; unknown=0; knights=1; dev-cards=0	roads=[88,71; 71,70]; settlements=[105,71]	What happened?	 	 
212	21:57:13:575	sabercat	clay=1; ore=0; sheep=4; wheat=0; wood=0; unknown=0; knights=0; dev-cards=0	roads=[135,154; 154,118; 118,101; 101,84; 84,68]; settlements=[171,69]; cities=[101,135]	monopoly	 	 
213	21:57:17:583	skinnylinny	clay=0; ore=1; sheep=1; wheat=2; wood=0; unknown=0; knights=1; dev-cards=0	roads=[88,71; 71,70]; settlements=[105,71]	:(	 	 
214	21:57:24:015	Server	 		skinnylinny rolled a 4 and a 6.	 	 
215	21:57:24:016	Server	 		sabercat gets 4 sheep, 1 wood. amycharl gets 1 wood.	 	 
216	21:57:48:796	Server	 		amycharl rolled a 5 and a 6.	 	 
217	21:57:48:797	Server	 		sabercat gets 3 wood. skinnylinny gets 1 wood. amycharl gets 1 wood.	 	 
218	21:58:08:114	Server	 		sabercat rolled a 2 and a 5.	 	 
219	21:58:44:919	Server	 		sabercat built a road.	 	 
220	21:59:10:466	sabercat	clay=0; ore=0; sheep=3; wheat=0; wood=3; unknown=0; knights=0; dev-cards=0	roads=[135,154; 154,118; 118,101; 101,84; 84,68; 68,52]; settlements=[171,69]; cities=[101,135]	anyone can trade wheat and ore for a combination of sheep and wood?	 	 
221	21:59:32:976	skinnylinny	clay=0; ore=0; sheep=0; wheat=1; wood=1; unknown=0; knights=1; dev-cards=1	roads=[88,71; 71,70]; settlements=[105,71]	Um, nope.	 	 
222	22:01:12:253	sabercat	clay=0; ore=0; sheep=3; wheat=0; wood=3; unknown=0; knights=0; dev-cards=0	roads=[135,154; 154,118; 118,101; 101,84; 84,68; 68,52]; settlements=[171,69]; cities=[101,135]	and stop rolling the bloody 7! I had to discard 3 times already..	 	 
223	22:01:16:366	sabercat	clay=0; ore=0; sheep=3; wheat=0; wood=3; unknown=0; knights=0; dev-cards=0	roads=[135,154; 154,118; 118,101; 101,84; 84,68; 68,52]; settlements=[171,69]; cities=[101,135]	:D	 	 
224	22:01:22:557	Server	 		skinnylinny rolled a 6 and a 4.	 	 
225	22:01:22:557	Server	 		sabercat gets 4 sheep, 1 wood. amycharl gets 1 wood.	 	 
226	22:01:27:513	skinnylinny	clay=0; ore=0; sheep=0; wheat=1; wood=1; unknown=0; knights=1; dev-cards=1	roads=[88,71; 71,70]; settlements=[105,71]	*sigh*	 	 
227	22:01:37:255	skinnylinny	clay=0; ore=0; sheep=0; wheat=1; wood=1; unknown=0; knights=1; dev-cards=1	roads=[88,71; 71,70]; settlements=[105,71]	I might as well give up!	 	 
228	22:01:54:515	sabercat	clay=0; ore=0; sheep=7; wheat=0; wood=4; unknown=0; knights=0; dev-cards=0	roads=[135,154; 154,118; 118,101; 101,84; 84,68; 68,52]; settlements=[171,69]; cities=[101,135]	anyone wants any number of sheep?	 	 
229	22:01:55:445	amycharl	clay=0; ore=1; sheep=1; wheat=0; wood=4; unknown=0; knights=0; dev-cards=0	roads=[168,137; 137,138; 138,169; 169,186; 186,203]; settlements=[184,137; 137,220; 220,139]	y?	 	 
230	22:02:14:265	skinnylinny	clay=0; ore=0; sheep=0; wheat=1; wood=1; unknown=0; knights=1; dev-cards=1	roads=[88,71; 71,70]; settlements=[105,71]	No way of getting clay!	 	 
231	22:02:26:571	Server	 		amycharl rolled a 5 and a 3.	 	 
232	22:02:26:571	Server	 		sabercat gets 3 wheat. amycharl gets 1 wheat.	 	 
233	22:02:52:497	Server	 		sabercat rolled a 4 and a 3.	 	 
234	22:03:42:590	Server	 		sabercat traded 4 sheep for 1 clay from the bank.	 	 
235	22:03:46:829	Server	 		sabercat built a road.	 	 
236	22:03:52:687	Server	 		skinnylinny rolled a 1 and a 1.	 	 
237	22:03:52:687	Server	 		No player gets anything.	 	 
238	22:04:09:464	Server	 		amycharl rolled a 4 and a 2.	 	 
239	22:04:09:465	Server	 		skinnylinny gets 2 wheat.	 	 
240	22:05:12:038	Server	 		amycharl built a road.	 	 
241	22:05:17:713	Server	 		amycharl built a road.	 	 
242	22:05:24:663	Server	 		sabercat rolled a 6 and a 2.	 	 
243	22:05:24:664	Server	 		sabercat gets 3 wheat. amycharl gets 1 wheat.	 	 
244	22:05:38:679	sabercat	clay=0; ore=0; sheep=0; wheat=3; wood=3; unknown=0; knights=0; dev-cards=0	roads=[135,154; 154,118; 118,101; 101,84; 84,68; 68,52; 52,36]; settlements=[171,69]; cities=[101,135]	anyone has clay?	 	 
245	22:05:41:900	sabercat	clay=0; ore=0; sheep=0; wheat=3; wood=3; unknown=0; knights=0; dev-cards=0	roads=[135,154; 154,118; 118,101; 101,84; 84,68; 68,52; 52,36]; settlements=[171,69]; cities=[101,135]	to trade?	 	 
246	22:05:59:438	amycharl	clay=0; ore=0; sheep=0; wheat=1; wood=1; unknown=0; knights=0; dev-cards=0	roads=[168,137; 137,138; 138,169; 169,186; 186,203; 203,167; 167,166]; settlements=[184,137; 137,220; 220,139]	nope	 	 
247	22:06:12:873	sabercat	clay=0; ore=0; sheep=0; wheat=3; wood=3; unknown=0; knights=0; dev-cards=0	roads=[135,154; 154,118; 118,101; 101,84; 84,68; 68,52; 52,36]; settlements=[171,69]; cities=[101,135]	ah, shame	 	 
248	22:06:30:945	Server	 		skinnylinny rolled a 6 and a 6.	 	 
249	22:06:30:946	Server	 		skinnylinny gets 1 sheep.	 	 
250	22:06:34:028	skinnylinny	clay=0; ore=0; sheep=1; wheat=3; wood=1; unknown=0; knights=1; dev-cards=1	roads=[88,71; 71,70]; settlements=[105,71]	Nope	 	 
251	22:06:46:509	Server	 		amycharl rolled a 2 and a 6.	 	 
252	22:06:46:510	Server	 		sabercat gets 3 wheat. amycharl gets 1 wheat.	 	 
253	22:06:53:473	Server	 		sabercat rolled a 6 and a 4.	 	 
254	22:06:53:473	Server	 		sabercat gets 4 sheep, 1 wood. amycharl gets 1 wood.	 	 
255	22:07:01:074	sabercat	clay=0; ore=0; sheep=4; wheat=6; wood=4; unknown=0; knights=0; dev-cards=0	roads=[135,154; 154,118; 118,101; 101,84; 84,68; 68,52; 52,36]; settlements=[171,69]; cities=[101,135]	hopeless!	 	 
256	22:07:12:817	skinnylinny	clay=0; ore=0; sheep=1; wheat=3; wood=1; unknown=0; knights=1; dev-cards=1	roads=[88,71; 71,70]; settlements=[105,71]	You think, sabercat?	 	 
257	22:07:24:082	Server	 		sabercat traded 4 wheat for 1 clay from the bank.	 	 
258	22:07:28:181	amycharl	clay=0; ore=0; sheep=0; wheat=2; wood=2; unknown=0; knights=0; dev-cards=0	roads=[168,137; 137,138; 138,169; 169,186; 186,203; 203,167; 167,166]; settlements=[184,137; 137,220; 220,139]	well if you hadnt blocked me i might have some!	 	 
259	22:07:29:009	Server	 		sabercat built a settlement.	 	 
260	22:07:30:619	amycharl	clay=0; ore=0; sheep=0; wheat=2; wood=2; unknown=0; knights=0; dev-cards=0	roads=[168,137; 137,138; 138,169; 169,186; 186,203; 203,167; 167,166]; settlements=[184,137; 137,220; 220,139]	:)	 	 
261	22:07:39:048	sabercat	clay=0; ore=0; sheep=3; wheat=1; wood=3; unknown=0; knights=0; dev-cards=0	roads=[135,154; 154,118; 118,101; 101,84; 84,68; 68,52; 52,36]; settlements=[171,69; 69,37]; cities=[101,135]	anyone got ore?	 	 
262	22:07:40:279	skinnylinny	clay=0; ore=0; sheep=1; wheat=3; wood=1; unknown=0; knights=1; dev-cards=1	roads=[88,71; 71,70]; settlements=[105,71]	Hmmm, I wonder who's going to win this one?	 	 
263	22:07:43:059	skinnylinny	clay=0; ore=0; sheep=1; wheat=3; wood=1; unknown=0; knights=1; dev-cards=1	roads=[88,71; 71,70]; settlements=[105,71]	Nope	 	 
264	22:07:54:475	Server	 		sabercat traded 3 wood for 1 ore from a port.	 	 
265	22:08:38:983	Server	 		skinnylinny rolled a 6 and a 3.	 	 
266	22:08:38:983	Server	 		sabercat gets 2 clay. skinnylinny gets 1 ore. amycharl gets 1 clay.	 	 
267	22:08:56:052	Server	 		amycharl rolled a 5 and a 2.	 	 
268	22:09:30:789	sabercat	clay=2; ore=0; sheep=0; wheat=0; wood=0; unknown=0; knights=0; dev-cards=1	roads=[135,154; 154,118; 118,101; 101,84; 84,68; 68,52; 52,36]; settlements=[171,69; 69,37]; cities=[101,135]	nothing to discard? new one!	 	 
269	22:09:52:111	Server	 		amycharl built a settlement.	 	 
270	22:10:00:992	Server	 		sabercat rolled a 5 and a 3.	 	 
271	22:10:00:992	Server	 		sabercat gets 3 wheat. amycharl gets 1 wheat.	 	 
272	22:11:25:939	Server	 		skinnylinny rolled a 3 and a 2.	 	 
273	22:11:25:939	Server	 		skinnylinny gets 1 wood. amycharl gets 2 wood.	 	 
274	22:11:45:386	skinnylinny	clay=1; ore=0; sheep=1; wheat=2; wood=2; unknown=0; knights=3; dev-cards=0	roads=[88,71; 71,70]; settlements=[105,71]	Does anyone have any ore?	 	 
275	22:11:52:753	amycharl	clay=0; ore=0; sheep=0; wheat=1; wood=3; unknown=0; knights=0; dev-cards=0	roads=[168,137; 137,138; 138,169; 169,186; 186,203; 203,167; 167,166]; settlements=[184,137; 137,220; 220,139; 139,182]	nope	 	 
276	22:11:59:754	sabercat	clay=1; ore=0; sheep=0; wheat=4; wood=0; unknown=0; knights=1; dev-cards=0	roads=[135,154; 154,118; 118,101; 101,84; 84,68; 68,52; 52,36]; settlements=[171,69; 69,37]; cities=[101,135]	nope	 	 
277	22:12:17:872	skinnylinny	clay=1; ore=0; sheep=1; wheat=2; wood=2; unknown=0; knights=3; dev-cards=0	roads=[88,71; 71,70]; settlements=[105,71]	Hmmm, ok. How about a clay?	 	 
278	22:12:24:381	amycharl	clay=0; ore=0; sheep=0; wheat=1; wood=3; unknown=0; knights=0; dev-cards=0	roads=[168,137; 137,138; 138,169; 169,186; 186,203; 203,167; 167,166]; settlements=[184,137; 137,220; 220,139; 139,182]	nope	 	 
279	22:12:35:508	Server	 		skinnylinny built a road.	 	 
280	22:12:42:084	sabercat	clay=1; ore=0; sheep=0; wheat=4; wood=0; unknown=0; knights=1; dev-cards=0	roads=[135,154; 154,118; 118,101; 101,84; 84,68; 68,52; 52,36]; settlements=[171,69; 69,37]; cities=[101,135]	got one	 	 
281	22:12:49:017	Server	 		amycharl rolled a 4 and a 5.	 	 
282	22:12:49:018	Server	 		sabercat gets 2 clay. skinnylinny gets 1 ore. amycharl gets 1 clay.	 	 
283	22:13:06:623	skinnylinny	clay=0; ore=1; sheep=1; wheat=2; wood=1; unknown=0; knights=3; dev-cards=0	roads=[88,71; 71,70; 70,86]; settlements=[105,71]	Oh, sabercat, want to trade a clay for a wheat?	 	 
284	22:13:08:683	amycharl	clay=1; ore=0; sheep=0; wheat=1; wood=3; unknown=0; knights=0; dev-cards=0	roads=[168,137; 137,138; 138,169; 169,186; 186,203; 203,167; 167,166]; settlements=[184,137; 137,220; 220,139; 139,182]	ill give you a wood for a clay?	 	 
285	22:13:36:086	sabercat	clay=3; ore=0; sheep=0; wheat=4; wood=0; unknown=0; knights=1; dev-cards=0	roads=[135,154; 154,118; 118,101; 101,84; 84,68; 68,52; 52,36]; settlements=[171,69; 69,37]; cities=[101,135]	yes, skinny, I might when its my turn	 	 
286	22:13:59:067	amycharl	clay=1; ore=0; sheep=0; wheat=1; wood=3; unknown=0; knights=0; dev-cards=0	roads=[168,137; 137,138; 138,169; 169,186; 186,203; 203,167; 167,166]; settlements=[184,137; 137,220; 220,139; 139,182]	wud u rather wheat or wood? for a clay?	 	 
287	22:14:18:844	skinnylinny	clay=0; ore=1; sheep=1; wheat=2; wood=1; unknown=0; knights=3; dev-cards=0	roads=[88,71; 71,70; 70,86]; settlements=[105,71]	Thanks, sabercat	 	 
288	22:14:23:787	skinnylinny	clay=0; ore=1; sheep=1; wheat=2; wood=1; unknown=0; knights=3; dev-cards=0	roads=[88,71; 71,70; 70,86]; settlements=[105,71]	ADDTIME	 	 
289	22:14:28:515	sabercat	clay=3; ore=0; sheep=0; wheat=4; wood=0; unknown=0; knights=1; dev-cards=0	roads=[135,154; 154,118; 118,101; 101,84; 84,68; 68,52; 52,36]; settlements=[171,69; 69,37]; cities=[101,135]	*ADDTIME*	 	 
290	22:14:36:102	sabercat	clay=3; ore=0; sheep=0; wheat=4; wood=0; unknown=0; knights=1; dev-cards=0	roads=[135,154; 154,118; 118,101; 101,84; 84,68; 68,52; 52,36]; settlements=[171,69; 69,37]; cities=[101,135]	:D	 	 
291	22:15:10:698	Server	 		amycharl made an offer to trade 1 wood for 1 clay.	 	 
292	22:15:36:258	skinnylinny	clay=0; ore=1; sheep=1; wheat=2; wood=1; unknown=0; knights=3; dev-cards=0	roads=[88,71; 71,70; 70,86]; settlements=[105,71]	:D	 	 
293	22:15:47:484	Server	 		sabercat rolled a 3 and a 6.	 	 
294	22:15:47:484	Server	 		sabercat gets 2 clay. skinnylinny gets 1 ore. amycharl gets 1 clay.	 	 
295	22:15:56:203	sabercat	clay=5; ore=0; sheep=0; wheat=4; wood=0; unknown=0; knights=1; dev-cards=0	roads=[135,154; 154,118; 118,101; 101,84; 84,68; 68,52; 52,36]; settlements=[171,69; 69,37]; cities=[101,135]	okay	 	 
296	22:16:05:348	sabercat	clay=5; ore=0; sheep=0; wheat=4; wood=0; unknown=0; knights=1; dev-cards=0	roads=[135,154; 154,118; 118,101; 101,84; 84,68; 68,52; 52,36]; settlements=[171,69; 69,37]; cities=[101,135]	who wants clay for wheat?	 	 
297	22:16:09:359	skinnylinny	clay=0; ore=2; sheep=1; wheat=2; wood=1; unknown=0; knights=3; dev-cards=0	roads=[88,71; 71,70; 70,86]; settlements=[105,71]	Me please	 	 
298	22:16:13:586	sabercat	clay=5; ore=0; sheep=0; wheat=4; wood=0; unknown=0; knights=1; dev-cards=0	roads=[135,154; 154,118; 118,101; 101,84; 84,68; 68,52; 52,36]; settlements=[171,69; 69,37]; cities=[101,135]	amy?	 	 
299	22:16:15:022	skinnylinny	clay=0; ore=2; sheep=1; wheat=2; wood=1; unknown=0; knights=3; dev-cards=0	roads=[88,71; 71,70; 70,86]; settlements=[105,71]	One clay for one wheat	 	 
300	22:16:23:477	skinnylinny	clay=0; ore=2; sheep=1; wheat=2; wood=1; unknown=0; knights=3; dev-cards=0	roads=[88,71; 71,70; 70,86]; settlements=[105,71]	Or for an ore	 	 
301	22:16:33:625	Server	 		sabercat made an offer to trade 1 clay for 1 wheat.	 	 
302	22:16:39:231	Server	 		sabercat traded 1 clay for 1 wheat from skinnylinny.	 	 
303	22:16:42:945	skinnylinny	clay=1; ore=2; sheep=1; wheat=1; wood=1; unknown=0; knights=3; dev-cards=0	roads=[88,71; 71,70; 70,86]; settlements=[105,71]	Awesome, thanks	 	 
304	22:16:47:096	sabercat	clay=4; ore=0; sheep=0; wheat=5; wood=0; unknown=0; knights=1; dev-cards=0	roads=[135,154; 154,118; 118,101; 101,84; 84,68; 68,52; 52,36]; settlements=[171,69; 69,37]; cities=[101,135]	no problem	 	 
305	22:17:08:768	sabercat	clay=4; ore=0; sheep=0; wheat=5; wood=0; unknown=0; knights=1; dev-cards=0	roads=[135,154; 154,118; 118,101; 101,84; 84,68; 68,52; 52,36]; settlements=[171,69; 69,37]; cities=[101,135]	can you trae ore skinny?	 	 
306	22:17:19:704	sabercat	clay=4; ore=0; sheep=0; wheat=5; wood=0; unknown=0; knights=1; dev-cards=0	roads=[135,154; 154,118; 118,101; 101,84; 84,68; 68,52; 52,36]; settlements=[171,69; 69,37]; cities=[101,135]	for clay?	 	 
307	22:17:21:214	skinnylinny	clay=1; ore=2; sheep=1; wheat=1; wood=1; unknown=0; knights=3; dev-cards=0	roads=[88,71; 71,70; 70,86]; settlements=[105,71]	I can...	 	 
308	22:17:26:396	amycharl	clay=2; ore=0; sheep=0; wheat=1; wood=3; unknown=0; knights=0; dev-cards=0	roads=[168,137; 137,138; 138,169; 169,186; 186,203; 203,167; 167,166]; settlements=[184,137; 137,220; 220,139; 139,182]	dont!	 	 
309	22:17:30:523	skinnylinny	clay=1; ore=2; sheep=1; wheat=1; wood=1; unknown=0; knights=3; dev-cards=0	roads=[88,71; 71,70; 70,86]; settlements=[105,71]	Not for clay	 	 
310	22:17:36:795	amycharl	clay=2; ore=0; sheep=0; wheat=1; wood=3; unknown=0; knights=0; dev-cards=0	roads=[168,137; 137,138; 138,169; 169,186; 186,203; 203,167; 167,166]; settlements=[184,137; 137,220; 220,139; 139,182]	9 victory points!	 	 
311	22:17:46:260	sabercat	clay=4; ore=0; sheep=0; wheat=5; wood=0; unknown=0; knights=1; dev-cards=0	roads=[135,154; 154,118; 118,101; 101,84; 84,68; 68,52; 52,36]; settlements=[171,69; 69,37]; cities=[101,135]	as if I could finish it!	 	 
312	22:17:47:725	skinnylinny	clay=1; ore=2; sheep=1; wheat=1; wood=1; unknown=0; knights=3; dev-cards=0	roads=[88,71; 71,70; 70,86]; settlements=[105,71]	I know!	 	 
313	22:17:47:967	amycharl	clay=2; ore=0; sheep=0; wheat=1; wood=3; unknown=0; knights=0; dev-cards=0	roads=[168,137; 137,138; 138,169; 169,186; 186,203; 203,167; 167,166]; settlements=[184,137; 137,220; 220,139; 139,182]	cant help her win	 	 
314	22:17:50:230	amycharl	clay=2; ore=0; sheep=0; wheat=1; wood=3; unknown=0; knights=0; dev-cards=0	roads=[168,137; 137,138; 138,169; 169,186; 186,203; 203,167; 167,166]; settlements=[184,137; 137,220; 220,139; 139,182]	:)	 	 
315	22:18:07:903	amycharl	clay=2; ore=0; sheep=0; wheat=1; wood=3; unknown=0; knights=0; dev-cards=0	roads=[168,137; 137,138; 138,169; 169,186; 186,203; 203,167; 167,166]; settlements=[184,137; 137,220; 220,139; 139,182]	probs will anyway :(	 	 
316	22:18:16:935	Server	 		sabercat traded 3 clay for 1 ore from a port.	 	 
317	22:18:20:677	skinnylinny	clay=1; ore=2; sheep=1; wheat=1; wood=1; unknown=0; knights=3; dev-cards=0	roads=[88,71; 71,70; 70,86]; settlements=[105,71]	:P	 	 
318	22:18:24:588	Server	 		sabercat traded 3 wheat for 1 ore from a port.	 	 
319	22:18:34:601	Server	 		skinnylinny rolled a 2 and a 6.	 	 
320	22:18:34:601	Server	 		sabercat gets 3 wheat. amycharl gets 1 wheat.	 	 
321	22:18:50:940	Server	 		skinnylinny built a settlement.	 	 
322	22:19:01:018	Server	 		amycharl rolled a 6 and a 5.	 	 
323	22:19:01:018	Server	 		sabercat gets 4 wood. skinnylinny gets 2 wood. amycharl gets 1 wood.	 	 
324	22:19:26:088	sabercat	clay=1; ore=2; sheep=0; wheat=5; wood=4; unknown=0; knights=1; dev-cards=0	roads=[135,154; 154,118; 118,101; 101,84; 84,68; 68,52; 52,36]; settlements=[171,69; 69,37]; cities=[101,135]	please no seven, please no seven...	 	 
325	22:19:34:589	Server	 		amycharl built a road.	 	 
326	22:19:43:459	Server	 		amycharl built a road.	 	 
327	22:20:07:353	Server	 		sabercat rolled a 2 and a 1.	 	 
328	22:20:07:354	Server	 		amycharl gets 1 sheep.	 	 
329	22:20:16:304	Server	 		sabercat built a road.	 	 
330	22:21:00:968	sabercat	clay=0; ore=2; sheep=0; wheat=5; wood=3; unknown=0; knights=1; dev-cards=0	roads=[135,154; 154,118; 118,101; 101,84; 84,68; 68,52; 52,36; 36,37]; settlements=[171,69; 69,37]; cities=[101,135]	skinny, wood for clay?	 	 
331	22:21:13:388	skinnylinny	clay=0; ore=2; sheep=0; wheat=0; wood=2; unknown=0; knights=3; dev-cards=0	roads=[88,71; 71,70; 70,86]; settlements=[105,71; 71,103]	I don't have any, sorry	 	 
332	22:21:13:904	amycharl	clay=0; ore=0; sheep=1; wheat=2; wood=2; unknown=0; knights=0; dev-cards=0	roads=[168,137; 137,138; 138,169; 169,186; 186,203; 203,167; 167,166; 166,165; 165,148]; settlements=[184,137; 137,220; 220,139; 139,182]	nnnoooo	 	 
333	22:21:18:738	amycharl	clay=0; ore=0; sheep=1; wheat=2; wood=2; unknown=0; knights=0; dev-cards=0	roads=[168,137; 137,138; 138,169; 169,186; 186,203; 203,167; 167,166; 166,165; 165,148]; settlements=[184,137; 137,220; 220,139; 139,182]	:)	 	 
334	22:21:41:634	Server	 		sabercat traded 3 wheat for 1 ore from a port.	 	 
335	22:21:49:272	Server	 		sabercat built a city.	 	 
336	22:21:55:639	Server	 		skinnylinny rolled a 5 and a 6.	 	 
337	22:21:55:640	Server	 		sabercat gets 4 wood. skinnylinny gets 2 wood. amycharl gets 1 wood.	 	 
338	22:22:17:591	skinnylinny	clay=0; ore=2; sheep=0; wheat=0; wood=4; unknown=0; knights=3; dev-cards=0	roads=[88,71; 71,70; 70,86]; settlements=[105,71; 71,103]	amycharl, need any more wood? :P	 	 
339	22:22:50:249	sabercat	clay=0; ore=0; sheep=0; wheat=0; wood=7; unknown=0; knights=1; dev-cards=0	roads=[135,154; 154,118; 118,101; 101,84; 84,68; 68,52; 52,36; 36,37]; settlements=[69,37]; cities=[101,135; 135,171]	I can trade wood for wood!	 	 
340	22:23:06:811	Server	 		skinnylinny traded 4 wood for 1 sheep from the bank.	 	 
341	22:23:27:009	Server	 		amycharl rolled a 3 and a 2.	 	 
342	22:23:27:009	Server	 		skinnylinny gets 1 wood. amycharl gets 2 wood.	 	 
343	22:24:24:332	Server	 		sabercat rolled a 4 and a 5.	 	 
344	22:24:24:333	Server	 		sabercat gets 2 clay. skinnylinny gets 1 ore. amycharl gets 1 clay.	 	 
345	22:24:29:350	Server	 		sabercat built a road.	 	 
346	22:24:42:930	skinnylinny	clay=0; ore=3; sheep=1; wheat=0; wood=1; unknown=0; knights=3; dev-cards=0	roads=[88,71; 71,70; 70,86]; settlements=[105,71; 71,103]	Congrats	 	 
347	22:24:47:748	sabercat	clay=1; ore=0; sheep=0; wheat=0; wood=6; unknown=0; knights=1; dev-cards=0	roads=[135,154; 154,118; 118,101; 101,84; 84,68; 68,52; 52,36; 36,37; 37,38]; settlements=[69,37]; cities=[101,135; 135,171]	thanks	 	 
348	22:25:19:445	amycharl	clay=1; ore=0; sheep=1; wheat=2; wood=5; unknown=0; knights=0; dev-cards=0	roads=[168,137; 137,138; 138,169; 169,186; 186,203; 203,167; 167,166; 166,165; 165,148]; settlements=[184,137; 137,220; 220,139; 139,182]	omg!	 	 
349	22:25:24:555	sabercat	clay=1; ore=0; sheep=0; wheat=0; wood=6; unknown=0; knights=1; dev-cards=0	roads=[135,154; 154,118; 118,101; 101,84; 84,68; 68,52; 52,36; 36,37; 37,38]; settlements=[69,37]; cities=[101,135; 135,171]	what?	 	 
350	22:25:34:495	amycharl	clay=1; ore=0; sheep=1; wheat=2; wood=5; unknown=0; knights=0; dev-cards=0	roads=[168,137; 137,138; 138,169; 169,186; 186,203; 203,167; 167,166; 166,165; 165,148]; settlements=[184,137; 137,220; 220,139; 139,182]	i literally lost coz i pressed done instead of trade	 	 
351	22:25:36:401	amycharl	clay=1; ore=0; sheep=1; wheat=2; wood=5; unknown=0; knights=0; dev-cards=0	roads=[168,137; 137,138; 138,169; 169,186; 186,203; 203,167; 167,166; 166,165; 165,148]; settlements=[184,137; 137,220; 220,139; 139,182]	nnnoooo	 	 
352	22:25:42:200	skinnylinny	clay=0; ore=3; sheep=1; wheat=0; wood=1; unknown=0; knights=3; dev-cards=0	roads=[88,71; 71,70; 70,86]; settlements=[105,71; 71,103]	D:	 	 
353	22:25:46:324	sabercat	clay=1; ore=0; sheep=0; wheat=0; wood=6; unknown=0; knights=1; dev-cards=0	roads=[135,154; 154,118; 118,101; 101,84; 84,68; 68,52; 52,36; 36,37; 37,38]; settlements=[69,37]; cities=[101,135; 135,171]	:D	 	 
354	22:25:51:076	sabercat	clay=1; ore=0; sheep=0; wheat=0; wood=6; unknown=0; knights=1; dev-cards=0	roads=[135,154; 154,118; 118,101; 101,84; 84,68; 68,52; 52,36; 36,37; 37,38]; settlements=[69,37]; cities=[101,135; 135,171]	sorry	 	 
355	22:25:51:768	amycharl	clay=1; ore=0; sheep=1; wheat=2; wood=5; unknown=0; knights=0; dev-cards=0	roads=[168,137; 137,138; 138,169; 169,186; 186,203; 203,167; 167,166; 166,165; 165,148]; settlements=[184,137; 137,220; 220,139; 139,182]	stupid thing	 	 
356	22:25:57:727	amycharl	clay=1; ore=0; sheep=1; wheat=2; wood=5; unknown=0; knights=0; dev-cards=0	roads=[168,137; 137,138; 138,169; 169,186; 186,203; 203,167; 167,166; 166,165; 165,148]; settlements=[184,137; 137,220; 220,139; 139,182]	boo	 	 
357	22:26:04:048	skinnylinny	clay=0; ore=3; sheep=1; wheat=0; wood=1; unknown=0; knights=3; dev-cards=0	roads=[88,71; 71,70; 70,86]; settlements=[105,71; 71,103]	Hmmmm, right, wonder if we can get another game done tonight?	 	 
358	22:26:08:743	amycharl	clay=1; ore=0; sheep=1; wheat=2; wood=5; unknown=0; knights=0; dev-cards=0	roads=[168,137; 137,138; 138,169; 169,186; 186,203; 203,167; 167,166; 166,165; 165,148]; settlements=[184,137; 137,220; 220,139; 139,182]	it snot your fault, but grr	 	 
359	22:26:14:117	amycharl	clay=1; ore=0; sheep=1; wheat=2; wood=5; unknown=0; knights=0; dev-cards=0	roads=[168,137; 137,138; 138,169; 169,186; 186,203; 203,167; 167,166; 166,165; 165,148]; settlements=[184,137; 137,220; 220,139; 139,182]	im up for one	 	 
360	22:26:41:171	sabercat	clay=1; ore=0; sheep=0; wheat=0; wood=6; unknown=0; knights=1; dev-cards=0	roads=[135,154; 154,118; 118,101; 101,84; 84,68; 68,52; 52,36; 36,37; 37,38]; settlements=[69,37]; cities=[101,135; 135,171]	well, is there anyone esle who wants to play?	 	 
361	22:26:51:369	skinnylinny	clay=0; ore=3; sheep=1; wheat=0; wood=1; unknown=0; knights=3; dev-cards=0	roads=[88,71; 71,70; 70,86]; settlements=[105,71; 71,103]	I don't know, quick email around?	 	 
362	22:26:58:559	sabercat	clay=1; ore=0; sheep=0; wheat=0; wood=6; unknown=0; knights=1; dev-cards=0	roads=[135,154; 154,118; 118,101; 101,84; 84,68; 68,52; 52,36; 36,37; 37,38]; settlements=[69,37]; cities=[101,135; 135,171]	okay, I can wait	 	 
363	22:27:02:781	amycharl	clay=1; ore=0; sheep=1; wheat=2; wood=5; unknown=0; knights=0; dev-cards=0	roads=[168,137; 137,138; 138,169; 169,186; 186,203; 203,167; 167,166; 166,165; 165,148]; settlements=[184,137; 137,220; 220,139; 139,182]	yer, do	 	 
364	22:27:23:013	amycharl	clay=1; ore=0; sheep=1; wheat=2; wood=5; unknown=0; knights=0; dev-cards=0	roads=[168,137; 137,138; 138,169; 169,186; 186,203; 203,167; 167,166; 166,165; 165,148]; settlements=[184,137; 137,220; 220,139; 139,182]	dmm came in the game at 10	 	 
365	22:27:28:870	amycharl	clay=1; ore=0; sheep=1; wheat=2; wood=5; unknown=0; knights=0; dev-cards=0	roads=[168,137; 137,138; 138,169; 169,186; 186,203; 203,167; 167,166; 166,165; 165,148]; settlements=[184,137; 137,220; 220,139; 139,182]	they probs can	 	 
366	22:32:54:665	amycharl	clay=1; ore=0; sheep=1; wheat=2; wood=5; unknown=0; knights=0; dev-cards=0	roads=[168,137; 137,138; 138,169; 169,186; 186,203; 203,167; 167,166; 166,165; 165,148]; settlements=[184,137; 137,220; 220,139; 139,182]	shud we just do anyother one if no1 else can?	 	 
367	22:33:10:583	sabercat	clay=1; ore=0; sheep=0; wheat=0; wood=6; unknown=0; knights=1; dev-cards=0	roads=[135,154; 154,118; 118,101; 101,84; 84,68; 68,52; 52,36; 36,37; 37,38]; settlements=[69,37]; cities=[101,135; 135,171]	nope... I mean thats not fair	 	 
368	22:33:26:793	sabercat	clay=1; ore=0; sheep=0; wheat=0; wood=6; unknown=0; knights=1; dev-cards=0	roads=[135,154; 154,118; 118,101; 101,84; 84,68; 68,52; 52,36; 36,37; 37,38]; settlements=[69,37]; cities=[101,135; 135,171]	and its almost 12 here anyway	 	 
369	22:33:33:237	amycharl	clay=1; ore=0; sheep=1; wheat=2; wood=5; unknown=0; knights=0; dev-cards=0	roads=[168,137; 137,138; 138,169; 169,186; 186,203; 203,167; 167,166; 166,165; 165,148]; settlements=[184,137; 137,220; 220,139; 139,182]	well just coz we need them all finished by thurs really	 	 
370	22:33:49:681	amycharl	clay=1; ore=0; sheep=1; wheat=2; wood=5; unknown=0; knights=0; dev-cards=0	roads=[168,137; 137,138; 138,169; 169,186; 186,203; 203,167; 167,166; 166,165; 165,148]; settlements=[184,137; 137,220; 220,139; 139,182]	and we could have played the one at 7 and 9	 	 
371	22:33:59:358	sabercat	clay=1; ore=0; sheep=0; wheat=0; wood=6; unknown=0; knights=1; dev-cards=0	roads=[135,154; 154,118; 118,101; 101,84; 84,68; 68,52; 52,36; 36,37; 37,38]; settlements=[69,37]; cities=[101,135; 135,171]	well, thats a problem. we were supposed to play two today, ... and well...	 	 
372	22:34:12:124	amycharl	clay=1; ore=0; sheep=1; wheat=2; wood=5; unknown=0; knights=0; dev-cards=0	roads=[168,137; 137,138; 138,169; 169,186; 186,203; 203,167; 167,166; 166,165; 165,148]; settlements=[184,137; 137,220; 220,139; 139,182]	they missed them both, i missed one bu tim happy to do it now	 	 
373	22:34:33:530	amycharl	clay=1; ore=0; sheep=1; wheat=2; wood=5; unknown=0; knights=0; dev-cards=0	roads=[168,137; 137,138; 138,169; 169,186; 186,203; 203,167; 167,166; 166,165; 165,148]; settlements=[184,137; 137,220; 220,139; 139,182]	coz we schedlued to play 2, so it wouldnt be unfair by that means	 	 
374	22:34:42:974	amycharl	clay=1; ore=0; sheep=1; wheat=2; wood=5; unknown=0; knights=0; dev-cards=0	roads=[168,137; 137,138; 138,169; 169,186; 186,203; 203,167; 167,166; 166,165; 165,148]; settlements=[184,137; 137,220; 220,139; 139,182]	if its too late for you thats fine	 	 
375	22:35:13:595	sabercat	clay=1; ore=0; sheep=0; wheat=0; wood=6; unknown=0; knights=1; dev-cards=0	roads=[135,154; 154,118; 118,101; 101,84; 84,68; 68,52; 52,36; 36,37; 37,38]; settlements=[69,37]; cities=[101,135; 135,171]	so you are playing only one on thursday?	 	 
376	22:35:31:216	amycharl	clay=1; ore=0; sheep=1; wheat=2; wood=5; unknown=0; knights=0; dev-cards=0	roads=[168,137; 137,138; 138,169; 169,186; 186,203; 203,167; 167,166; 166,165; 165,148]; settlements=[184,137; 137,220; 220,139; 139,182]	i dunno, i need to play two more	 	 
377	22:36:05:357	sabercat	clay=1; ore=0; sheep=0; wheat=0; wood=6; unknown=0; knights=1; dev-cards=0	roads=[135,154; 154,118; 118,101; 101,84; 84,68; 68,52; 52,36; 36,37; 37,38]; settlements=[69,37]; cities=[101,135; 135,171]	I could do one but I am half asleep.	 	 
378	22:36:06:970	sabercat	clay=1; ore=0; sheep=0; wheat=0; wood=6; unknown=0; knights=1; dev-cards=0	roads=[135,154; 154,118; 118,101; 101,84; 84,68; 68,52; 52,36; 36,37; 37,38]; settlements=[69,37]; cities=[101,135; 135,171]	:D	 	 
379	22:36:28:663	amycharl	clay=1; ore=0; sheep=1; wheat=2; wood=5; unknown=0; knights=0; dev-cards=0	roads=[168,137; 137,138; 138,169; 169,186; 186,203; 203,167; 167,166; 166,165; 165,148]; settlements=[184,137; 137,220; 220,139; 139,182]	just it would make sense really	 	 
380	22:36:32:960	amycharl	clay=1; ore=0; sheep=1; wheat=2; wood=5; unknown=0; knights=0; dev-cards=0	roads=[168,137; 137,138; 138,169; 169,186; 186,203; 203,167; 167,166; 166,165; 165,148]; settlements=[184,137; 137,220; 220,139; 139,182]	get it out the way	 	 
381	22:36:50:271	sabercat	clay=1; ore=0; sheep=0; wheat=0; wood=6; unknown=0; knights=1; dev-cards=0	roads=[135,154; 154,118; 118,101; 101,84; 84,68; 68,52; 52,36; 36,37; 37,38]; settlements=[69,37]; cities=[101,135; 135,171]	well, skinny?	 	 
382	22:36:50:699	amycharl	clay=1; ore=0; sheep=1; wheat=2; wood=5; unknown=0; knights=0; dev-cards=0	roads=[168,137; 137,138; 138,169; 169,186; 186,203; 203,167; 167,166; 166,165; 165,148]; settlements=[184,137; 137,220; 220,139; 139,182]	and its not unfair coz they missed a game each anyway	 	 
383	22:38:58:114	skinnylinny	clay=0; ore=3; sheep=1; wheat=0; wood=1; unknown=0; knights=3; dev-cards=0	roads=[88,71; 71,70; 70,86]; settlements=[105,71; 71,103]	Hmmm, give me ten minutes? Flatmate needs to pick courses for next year and her mac won't do it :P	 	 
384	22:39:13:103	amycharl	clay=1; ore=0; sheep=1; wheat=2; wood=5; unknown=0; knights=0; dev-cards=0	roads=[168,137; 137,138; 138,169; 169,186; 186,203; 203,167; 167,166; 166,165; 165,148]; settlements=[184,137; 137,220; 220,139; 139,182]	yer thats finr	 	 
385	22:39:17:405	amycharl	clay=1; ore=0; sheep=1; wheat=2; wood=5; unknown=0; knights=0; dev-cards=0	roads=[168,137; 137,138; 138,169; 169,186; 186,203; 203,167; 167,166; 166,165; 165,148]; settlements=[184,137; 137,220; 220,139; 139,182]	*fine	 	 
386	22:39:26:998	sabercat	clay=1; ore=0; sheep=0; wheat=0; wood=6; unknown=0; knights=1; dev-cards=0	roads=[135,154; 154,118; 118,101; 101,84; 84,68; 68,52; 52,36; 36,37; 37,38]; settlements=[69,37]; cities=[101,135; 135,171]	sure	 	 
387	22:46:33:441	sabercat	clay=1; ore=0; sheep=0; wheat=0; wood=6; unknown=0; knights=1; dev-cards=0	roads=[135,154; 154,118; 118,101; 101,84; 84,68; 68,52; 52,36; 36,37; 37,38]; settlements=[69,37]; cities=[101,135; 135,171]	we can set the new one up in the meantime	 	 
388	22:46:45:244	amycharl	clay=1; ore=0; sheep=1; wheat=2; wood=5; unknown=0; knights=0; dev-cards=0	roads=[168,137; 137,138; 138,169; 169,186; 186,203; 203,167; 167,166; 166,165; 165,148]; settlements=[184,137; 137,220; 220,139; 139,182]	yer, sounds good	 	 
389	22:46:54:178	amycharl	clay=1; ore=0; sheep=1; wheat=2; wood=5; unknown=0; knights=0; dev-cards=0	roads=[168,137; 137,138; 138,169; 169,186; 186,203; 203,167; 167,166; 166,165; 165,148]; settlements=[184,137; 137,220; 220,139; 139,182]	u wanna do that? iv never done it	 	 
390	22:46:55:679	amycharl	clay=1; ore=0; sheep=1; wheat=2; wood=5; unknown=0; knights=0; dev-cards=0	roads=[168,137; 137,138; 138,169; 169,186; 186,203; 203,167; 167,166; 166,165; 165,148]; settlements=[184,137; 137,220; 220,139; 139,182]	:)	 	 
391	22:50:39:378	amycharl	clay=1; ore=0; sheep=1; wheat=2; wood=5; unknown=0; knights=0; dev-cards=0	roads=[168,137; 137,138; 138,169; 169,186; 186,203; 203,167; 167,166; 166,165; 165,148]; settlements=[184,137; 137,220; 220,139; 139,182]	come in the new game	 	 
